,value,subject_id
r_max,0.46817088983898664,10
K_M,1.9977131872204266,10
c,0.07797424254684834,10
d,0.19999969014291302,10
g,0.10000000000000002,10
u,0.5000000000000117,10
p_low,0.7999767906801372,10
p_high,3.938264224614851,10
H_on,0.7277637989415151,10
H_off,0.7718298358120299,10
tau_q,23.99273125425308,10
alpha,1.9400745708199323,10
