,value,subject_id
r_max,0.19935871155424154,8
K_M,1.9815439686110443,8
c,0.042645710777284816,8
d,0.19865719303144538,8
g,0.10261381311067522,8
u,0.5008979327816372,8
p_low,0.7947593294407552,8
p_high,3.3397937827500277,8
H_on,0.5571056499950914,8
H_off,0.9017254116630228,8
tau_q,17.985735169956577,8
alpha,1.9057297727499516,8
