,value,subject_id
r_max,0.3250814717369061,7
K_M,1.9999999990961816,7
c,0.14956857185454134,7
d,0.19999999999992282,7
g,0.10000000000003696,7
u,0.5000000000000001,7
p_low,0.7999999999993956,7
p_high,2.2928692494348377,7
H_on,0.47631395043300834,7
H_off,0.6727667570918935,7
tau_q,3.9827895837381373,7
alpha,1.7007327801264636,7
