,value,subject_id
r_max,0.585359787135365,19
K_M,1.9999999998204248,19
c,0.020323461464544786,19
d,0.19999999999999984,19
g,0.10000000000000002,19
u,0.5000000000000001,19
p_low,0.7999999999997183,19
p_high,3.930757155728762,19
H_on,0.5551341756021928,19
H_off,0.712246561416828,19
tau_q,20.9376868027074,19
alpha,1.999999353256685,19
