,value,subject_id
r_max,0.593287381400104,40
K_M,1.8745860839335904,40
c,0.020140280249062448,40
d,0.19371796683740158,40
g,0.21858031364752992,40
u,0.5943907506145313,40
p_low,0.7995988366258471,40
p_high,3.888178439298297,40
H_on,0.5120759577867419,40
H_off,0.9493486264933302,40
tau_q,23.887670977400294,40
alpha,1.9659099757404133,40
