,value,subject_id
r_max,0.5049701394045735,23
K_M,1.4093441274294995,23
c,0.024607659465864823,23
d,0.19915415606447132,23
g,0.13662823403888708,23
u,0.7881279390717236,23
p_low,0.6849665334851738,23
p_high,3.490769284968394,23
H_on,0.74775,23
H_off,0.8926787407844377,23
tau_q,16.518873669156175,23
alpha,0.5894769596854427,23
