,value,subject_id
r_max,0.5862424281658274,2
K_M,1.9999999999999998,2
c,0.031210107098737876,2
d,0.19999999999999998,2
g,0.10000000000000006,2
u,0.5000000000000001,2
p_low,0.7999999999999999,2
p_high,3.2189467702953816,2
H_on,0.5313748742700573,2
H_off,0.6955357801892417,2
tau_q,3.4600529811334306,2
alpha,0.5806409007483201,2
