,value,subject_id
r_max,0.37031976070823625,26
K_M,1.9994749309527475,26
c,0.08650450380935054,26
d,0.12086917378635559,26
g,0.11657508749016567,26
u,0.5088458311088583,26
p_low,0.1671071972393227,26
p_high,3.9823144697108677,26
H_on,0.6237076377185137,26
H_off,0.9499195007596708,26
tau_q,23.99957862086465,26
alpha,0.9483936197636161,26
