,value,subject_id
r_max,0.4902579808233811,25
K_M,0.695801057442007,25
c,0.12072315278553229,25
d,0.19999999999999998,25
g,0.10000000000000002,25
u,0.5000000000000001,25
p_low,0.5490491822951566,25
p_high,3.9999999999118465,25
H_on,0.5700981104525261,25
H_off,0.8556924197085204,25
tau_q,3.7340952519059827,25
alpha,0.5816765810880802,25
