,value,subject_id
r_max,0.20822294903416674,24
K_M,1.767423249155779,24
c,0.02119407162838411,24
d,0.1981459125794378,24
g,0.10288825645526649,24
u,0.5746545152622123,24
p_low,0.7489107024987239,24
p_high,2.986791191243056,24
H_on,0.5578919888210225,24
H_off,0.94725,24
tau_q,6.197575268418203,24
alpha,1.1205996776162097,24
