,value,subject_id
r_max,0.35701599907687676,5
K_M,1.9999999999947273,5
c,0.07772619449235903,5
d,0.19999999999999726,5
g,0.10000000000000002,5
u,0.5000000000000075,5
p_low,0.7999999999999893,5
p_high,2.4803033639202137,5
H_on,0.5295062176579413,5
H_off,0.6955357801892417,5
tau_q,3.460056041206853,5
alpha,1.9999984651266034,5
