,value,subject_id
r_max,0.06114850538557785,32
K_M,1.99999999997159,32
c,0.021337996481903262,32
d,0.19999999999999918,32
g,0.10000000000000002,32
u,0.5000000000000001,32
p_low,0.7999999999999188,32
p_high,3.4295277739487973,32
H_on,0.41509871033585755,32
H_off,0.9472499999999999,32
tau_q,14.02362518970647,32
alpha,1.7456323962684241,32
