,value,subject_id
r_max,0.43156191445030306,36
K_M,1.9767788304128457,36
c,0.10709750134873282,36
d,0.15203886257057755,36
g,0.10000038143123074,36
u,0.5000226732387016,36
p_low,0.769292744671401,36
p_high,3.707164508972321,36
H_on,0.5123053983318913,36
H_off,0.9488915388747484,36
tau_q,16.70947027904213,36
alpha,0.2929981985607341,36
