,value,subject_id
r_max,0.24254251648591368,6
K_M,1.220547197876985,6
c,0.08204570443408458,6
d,0.11228629149573377,6
g,0.3300654734422187,6
u,0.5597506376140393,6
p_low,0.18742778401877794,6
p_high,2.7004781396091633,6
H_on,0.7477500000000006,6
H_off,0.9472963540589318,6
tau_q,7.234755399937272,6
alpha,0.006118931120412987,6
