,value,subject_id
r_max,0.4275496586290571,27
K_M,1.8893298850519293,27
c,0.04044245003269886,27
d,0.18666012526875553,27
g,0.27721793897111835,27
u,0.5503288097554442,27
p_low,0.7789051329683452,27
p_high,3.827602975892323,27
H_on,0.5614377432100739,27
H_off,0.9473835510759842,27
tau_q,12.689818212138174,27
alpha,0.9898504370428175,27
