,value,subject_id
r_max,0.599389067792882,33
K_M,1.9999999998775586,33
c,0.020206950199901368,33
d,0.19999999999990595,33
g,0.10000000000000002,33
u,0.5000000000000001,33
p_low,0.7979897655405276,33
p_high,3.9999938180257533,33
H_on,0.6489985805317979,33
H_off,0.94725,33
tau_q,16.703518813673917,33
alpha,1.9193275656293554,33
