,value,subject_id
r_max,0.3768824837616234,17
K_M,1.9999999999999998,17
c,0.08969758987299309,17
d,0.19999999999999998,17
g,0.10000000000000002,17
u,0.5000000000000001,17
p_low,0.2286926584066064,17
p_high,3.9999999999999996,17
H_on,0.7208188801724158,17
H_off,0.9472499999999999,17
tau_q,15.13608541031469,17
alpha,1.2553982583860358e-29,17
