,value,subject_id
r_max,0.38299263930368527,35
K_M,1.9999993142890296,35
c,0.11018291439125201,35
d,0.19999994765877996,35
g,0.10000000082488886,35
u,0.5000000000000001,35
p_low,0.7999999998936913,35
p_high,2.9650742008661095,35
H_on,0.5808657907965367,35
H_off,0.738370570742157,35
tau_q,5.47393948633708,35
alpha,1.9958591888844115,35
