,value,subject_id
r_max,0.5242807476052878,37
K_M,1.9999999837119455,37
c,0.02392435397156866,37
d,0.19999999999993687,37
g,0.10000000000005067,37
u,0.5000000000000001,37
p_low,0.799999999871371,37
p_high,3.9999971826382112,37
H_on,0.5378937409460259,37
H_off,0.7837167134291262,37
tau_q,23.99999242089501,37
alpha,0.6464773610203911,37
