,value,subject_id
r_max,0.49057922345507743,21
K_M,1.9999381205584217,21
c,0.06542619699280866,21
d,0.19991665487894242,21
g,0.10000017388134533,21
u,0.5000000000142291,21
p_low,0.7999937395559215,21
p_high,3.9975805523528254,21
H_on,0.74692132483708,21
H_off,0.8009572838229009,21
tau_q,11.908142199515396,21
alpha,1.9747386087261678,21
