,value,subject_id
r_max,0.59999999999092,12
K_M,1.9924789290012748,12
c,0.020000000000000146,12
d,0.19956250924468089,12
g,0.10972762192966172,12
u,0.5061142743327346,12
p_low,0.7999072028981581,12
p_high,3.9937934384360316,12
H_on,0.5670993647080869,12
H_off,0.9233149133553944,12
tau_q,23.999680528227056,12
alpha,1.9981118849437398,12
