,value,subject_id
r_max,0.17634121057218993,3
K_M,1.7144238727787608,3
c,0.04640416399889725,3
d,0.19642730021788765,3
g,0.1467064760668388,3
u,0.5634347656523626,3
p_low,0.5844025975841091,3
p_high,3.3539268967691998,3
H_on,0.5089857973718471,3
H_off,0.94725,3
tau_q,1.7087480428623918,3
alpha,1.1734570807489084,3
