,value,subject_id
r_max,0.35626442021551114,30
K_M,1.9999622691442314,30
c,0.08461203273194516,30
d,0.19999951974106295,30
g,0.1000038439685831,30
u,0.5000000007825456,30
p_low,0.7999995458159196,30
p_high,3.314605038315139,30
H_on,0.560237753299607,30
H_off,0.8800854728162192,30
tau_q,16.190627107824795,30
alpha,0.5885109298812948,30
