,value,subject_id
r_max,0.2934092410221274,39
K_M,1.9999998792832046,39
c,0.12213132417939963,39
d,0.19999999913935412,39
g,0.10000000000308142,39
u,0.5000000000011439,39
p_low,0.7999999164941511,39
p_high,3.803009920250945,39
H_on,0.5694855543990748,39
H_off,0.6629321473002676,39
tau_q,21.601589627718152,39
alpha,1.9999984729424745,39
