,value,subject_id
r_max,0.5999984766538332,1
K_M,1.9999999991310426,1
c,0.24864586554245025,1
d,0.1999999999965694,1
g,0.10000000000002938,1
u,0.5000000000004563,1
p_low,0.7999999999685934,1
p_high,2.431950816019884,1
H_on,0.5319291597572883,1
H_off,0.94725,1
tau_q,3.6690300353857284,1
alpha,1.9999999231429795,1
