{
  "n_states": 1,
  "endpoints": [
    [
      7.74313986375345e-60,
      1.544328072469962,
      7.33345209624072e-14,
      4.962552966489511e-26,
      0.9999999979388475
    ],
    [
      3.458505149085401e-58,
      1.544328072469962,
      6.219230339897742e-14,
      3.5691230347406717e-26,
      0.9999999979388475
    ],
    [
      1.7565975482866931e-56,
      1.544328072469962,
      6.076006767885476e-14,
      3.4066281760499686e-26,
      0.9999999979388475
    ],
    [
      4.310227973214904e-56,
      1.544328072469962,
      6.677311652040789e-14,
      4.1142580664847465e-26,
      0.9999999979388475
    ],
    [
      1.4070789285204934e-54,
      1.544328072469962,
      4.453172812047944e-14,
      1.82989990139547e-26,
      0.9999999979388475
    ],
    [
      5.285272596524058e-57,
      1.544328072469962,
      5.945531728680536e-14,
      3.2618924501265027e-26,
      0.9999999979388475
    ],
    [
      3.354517903243689e-54,
      1.544328072469962,
      5.0728903967312877e-14,
      2.3746477363564854e-26,
      0.9999999979388475
    ],
    [
      1.2910161349641408e-53,
      1.544328072469962,
      7.243089428847523e-14,
      4.841009455997381e-26,
      0.9999999979388475
    ],
    [
      4.194021552689425e-56,
      1.544328072469962,
      4.3737631355067835e-14,
      1.7652196578218786e-26,
      0.9999999979388475
    ],
    [
      1.711979694741576e-55,
      1.544328072469962,
      3.985544541416538e-14,
      1.465762375158117e-26,
      0.9999999979388475
    ],
    [
      1.2347382996256717e-58,
      1.544328072469962,
      7.402767318313878e-14,
      5.056807646184411e-26,
      0.9999999979388475
    ],
    [
      4.6995271601176335e-57,
      1.544328072469962,
      3.3056035174395747e-14,
      1.0082999823623792e-26,
      0.9999999979388475
    ],
    [
      4.578117122675578e-52,
      1.544328072469962,
      9.849562441047153e-14,
      8.952041998177154e-26,
      0.9999999979388475
    ],
    [
      4.687767883351914e-55,
      1.544328072469962,
      4.548375596745784e-14,
      1.9089777963031368e-26,
      0.9999999979388475
    ],
    [
      3.8227476582283395e-56,
      1.544328072469962,
      3.73824545818713e-14,
      1.2895074750882225e-26,
      0.9999999979388475
    ],
    [
      2.0275766738243515e-57,
      1.544328072469962,
      3.049768677146389e-14,
      8.582662495489738e-27,
      0.9999999979388475
    ],
    [
      1.7563565829448636e-54,
      1.544328072469962,
      3.9944871018235194e-14,
      1.4723473589924494e-26,
      0.9999999979388475
    ],
    [
      1.403693592526659e-65,
      1.544328072469962,
      5.092653260641664e-14,
      2.3931859861623215e-26,
      0.9999999979388475
    ],
    [
      3.8919785684782203e-56,
      1.544328072469962,
      6.287152620541726e-14,
      3.647507903438907e-26,
      0.9999999979388475
    ],
    [
      2.562234948606407e-54,
      1.544328072469962,
      4.9963388586395316e-14,
      2.3035201010172336e-26,
      0.9999999979388475
    ],
    [
      1.1872119274090542e-54,
      1.544328072469962,
      3.582082561781998e-14,
      1.184021037067349e-26,
      0.9999999979388475
    ],
    [
      6.067441437736324e-59,
      1.544328072469962,
      7.314309437447116e-14,
      4.9366790665306316e-26,
      0.9999999979388475
    ],
    [
      3.6152240206119776e-55,
      1.544328072469962,
      7.531788233171275e-14,
      5.234611280999277e-26,
      0.9999999979388475
    ],
    [
      4.5507403411872516e-58,
      1.544328072469962,
      6.124973309226101e-14,
      3.461757461156287e-26,
      0.9999999979388475
    ],
    [
      5.490760029078997e-56,
      1.544328072469962,
      4.138504933738304e-14,
      1.5804297281815806e-26,
      0.9999999979388475
    ],
    [
      5.836452587370673e-60,
      1.544328072469962,
      9.452676247490221e-14,
      8.245135613841359e-26,
      0.9999999979388475
    ],
    [
      2.468860661201393e-55,
      1.544328072469962,
      3.304568684700278e-14,
      1.0076687754426797e-26,
      0.9999999979388475
    ],
    [
      6.433235335029772e-55,
      1.544328072469962,
      3.51742648682332e-14,
      1.1416639682294004e-26,
      0.9999999979388475
    ],
    [
      3.083195642190849e-65,
      1.544328072469962,
      6.832681421076974e-14,
      4.307949260493247e-26,
      0.9999999979388475
    ],
    [
      6.770640224684216e-55,
      1.544328072469962,
      4.537833689964747e-14,
      1.9001390638668617e-26,
      0.9999999979388475
    ],
    [
      3.2503492632308105e-56,
      1.544328072469962,
      6.567529007548762e-14,
      3.980083975019209e-26,
      0.9999999979388475
    ],
    [
      6.020327404370337e-55,
      1.544328072469962,
      5.1910953381564354e-14,
      2.486601811499963e-26,
      0.9999999979388475
    ],
    [
      1.2924365697956047e-56,
      1.544328072469962,
      4.36563304527439e-14,
      1.758663262833669e-26,
      0.9999999979388475
    ],
    [
      3.38852637982998e-55,
      1.544328072469962,
      3.5551555009388973e-14,
      1.1662870087812758e-26,
      0.9999999979388475
    ],
    [
      3.194193154045134e-55,
      1.544328072469962,
      4.644656605951126e-14,
      1.9906525190103875e-26,
      0.9999999979388475
    ],
    [
      6.803549398479649e-53,
      1.544328072469962,
      8.42199399357913e-14,
      6.545127192378175e-26,
      0.9999999979388475
    ],
    [
      1.8362830664913087e-57,
      1.544328072469962,
      7.599545310683928e-14,
      5.329217591024497e-26,
      0.9999999979388475
    ],
    [
      4.266255047221109e-59,
      1.544328072469962,
      6.459700611765452e-14,
      3.8504635464835905e-26,
      0.9999999979388475
    ],
    [
      6.230762177059765e-57,
      1.544328072469962,
      6.267732989455519e-14,
      3.6250100049266425e-26,
      0.9999999979388475
    ],
    [
      4.6186864104946397e-57,
      1.544328072469962,
      5.978144980255495e-14,
      3.297775763371746e-26,
      0.9999999979388475
    ],
    [
      8.935470457176677e-55,
      1.544328072469962,
      3.790818610743688e-14,
      1.326032730147966e-26,
      0.9999999979388475
    ],
    [
      5.426551125315119e-57,
      1.544328072469962,
      6.488432097916854e-14,
      3.884791939822959e-26,
      0.9999999979388475
    ],
    [
      1.1422707050327023e-58,
      1.544328072469962,
      4.613421232980508e-14,
      1.9639682217904692e-26,
      0.9999999979388475
    ],
    [
      1.1275438921976256e-53,
      1.544328072469962,
      7.773281041100133e-14,
      5.575668884090277e-26,
      0.9999999979388475
    ],
    [
      4.7230630692679676e-65,
      1.544328072469962,
      5.498354725454582e-14,
      2.789675864606832e-26,
      0.9999999979388475
    ],
    [
      2.870113319507512e-63,
      1.544328072469962,
      1.0238419418209672e-13,
      9.672841430266655e-26,
      0.9999999979388475
    ],
    [
      4.07537859426052e-57,
      1.544328072469962,
      5.1374014141727914e-14,
      2.4354276807672868e-26,
      0.9999999979388475
    ],
    [
      1.9041768306228766e-55,
      1.544328072469962,
      3.869030927259798e-14,
      1.3813147139093144e-26,
      0.9999999979388475
    ],
    [
      9.939303046804153e-65,
      1.544328072469962,
      4.9222171800845164e-14,
      2.235680707893157e-26,
      0.9999999979388475
    ],
    [
      1.6321653308597012e-61,
      1.544328072469962,
      9.390792804868441e-14,
      8.137532812592922e-26,
      0.9999999979388475
    ],
    [
      1.1037354228392923e-53,
      1.544328072469962,
      7.758525243943065e-14,
      5.55452071210642e-26,
      0.9999999979388475
    ],
    [
      1.1427703822338994e-58,
      1.544328072469962,
      1.0555272646454374e-13,
      1.0280805602187135e-25,
      0.9999999979388475
    ],
    [
      1.552581528642738e-59,
      1.544328072469962,
      7.135020987429151e-14,
