{
  "subject": "C3021",
  "theta_subj_names": [
    "r_M",
    "gamma",
    "sigma_F",
    "sigma_A",
    "p_max",
    "s_B",
    "a_B"
  ],
  "theta_subj": [
    0.0500130740790851,
    0.054660802208048996,
    1.4993750799143075,
    0.7513228704865201,
    1.1241043310444259,
    0.2772716618424375,
    4.999999999999999
  ],
  "cost": 219.95515835693143,
  "nfev": 36,
  "status": 2,
  "message": "`ftol` termination condition is satisfied.",
  "use_logB": true,
  "logbase": "10",
  "min_H_points": 3,
  "globals": {
    "r_C": 0.7,
    "K_M": 1.0,
    "K_C": 1.0,
    "u": 0.05,
    "k_B": 0.08,
    "g": 1.0,
    "K_B": 0.6,
    "n": 2.0,
    "d0": 0.08,
    "chi": 0.4,
    "H_I": 0.5,
    "eta": 6.0,
    "H_on": 0.3,
    "H_off": 0.7,
    "eps": 0.05,
    "k_on": 0.2,
    "k_off": 0.2,
    "p_min": 0.2,
    "alpha": 0.4,
    "beta": 0.4
  },
  "metrics": {
    "n_obs_B": 4.0,
    "RMSE_B": 1.457521326790646,
    "NRMSE_B": 10.357514591385694,
    "R2_B": -106.27810851076755,
    "n_obs_H": 3.0,
    "RMSE_H": 1.8971805985718773,
    "NRMSE_H": 1.8971805985718773,
    "R2_H": -2.5992942235975462
  }
}