{
  "subject": "H4004",
  "theta_subj_names": [
    "r_M",
    "gamma",
    "sigma_F",
    "sigma_A",
    "p_max",
    "s_B",
    "a_B"
  ],
  "theta_subj": [
    1.1994959294797203,
    0.5917885327370361,
    0.35554819088060524,
    0.7199282949257603,
    2.9862216899157374,
    0.2947835391926907,
    4.99812288410725
  ],
  "cost": 98.54256419270882,
  "nfev": 40,
  "status": 2,
  "message": "`ftol` termination condition is satisfied.",
  "use_logB": true,
  "logbase": "10",
  "min_H_points": 3,
  "globals": {
    "r_C": 0.7,
    "K_M": 1.0,
    "K_C": 1.0,
    "u": 0.05,
    "k_B": 0.08,
    "g": 1.0,
    "K_B": 0.6,
    "n": 2.0,
    "d0": 0.08,
    "chi": 0.4,
    "H_I": 0.5,
    "eta": 6.0,
    "H_on": 0.3,
    "H_off": 0.7,
    "eps": 0.05,
    "k_on": 0.2,
    "k_off": 0.2,
    "p_min": 0.2,
    "alpha": 0.4,
    "beta": 0.4
  },
  "metrics": {
    "n_obs_B": 8.0,
    "RMSE_B": 1.3534496688433215,
    "NRMSE_B": 3.1059612281742095,
    "R2_B": -8.646995150921443,
    "n_obs_H": 7.0,
    "RMSE_H": 4.138826044355472,
    "NRMSE_H": 4.138826044355473,
    "R2_H": -16.12988102543516
  }
}