{
  "subject": "C3003",
  "theta_subj_names": [
    "r_M",
    "gamma",
    "sigma_F",
    "sigma_A",
    "p_max",
    "s_B",
    "a_B"
  ],
  "theta_subj": [
    0.952078094031443,
    1.23188098282087,
    0.697088379152323,
    1.1936270276270986,
    1.4974058319089325,
    0.24683805274031306,
    4.999999976706745
  ],
  "cost": 29.34091775952409,
  "nfev": 34,
  "status": 4,
  "message": "Both `ftol` and `xtol` termination conditions are satisfied.",
  "use_logB": true,
  "logbase": "10",
  "min_H_points": 3,
  "globals": {
    "r_C": 0.7,
    "K_M": 1.0,
    "K_C": 1.0,
    "u": 0.05,
    "k_B": 0.08,
    "g": 1.0,
    "K_B": 0.6,
    "n": 2.0,
    "d0": 0.08,
    "chi": 0.4,
    "H_I": 0.5,
    "eta": 6.0,
    "H_on": 0.3,
    "H_off": 0.7,
    "eps": 0.05,
    "k_on": 0.2,
    "k_off": 0.2,
    "p_min": 0.2,
    "alpha": 0.4,
    "beta": 0.4
  },
  "metrics": {
    "n_obs_B": 5.0,
    "RMSE_B": 1.5603534705447335,
    "NRMSE_B": 3.1462728062660106,
    "R2_B": -8.899032571449,
    "n_obs_H": 5.0,
    "RMSE_H": 1.3554831361402624,
    "NRMSE_H": 1.3554831361402624,
    "R2_H": -0.8373345323606409
  }
}