{
  "subject": "P6005",
  "theta_subj_names": [
    "r_M",
    "gamma",
    "sigma_F",
    "sigma_A",
    "p_max",
    "s_B",
    "a_B"
  ],
  "theta_subj": [
    0.3597702015958167,
    0.3219678688505409,
    2.5269695407960598e-05,
    1.4924999999999984,
    0.6734609800674098,
    0.351175645555723,
    4.999999999999999
  ],
  "cost": 99.23167712342297,
  "nfev": 350,
  "status": 0,
  "message": "The maximum number of function evaluations is exceeded.",
  "use_logB": true,
  "logbase": "10",
  "min_H_points": 3,
  "globals": {
    "r_C": 0.7,
    "K_M": 1.0,
    "K_C": 1.0,
    "u": 0.05,
    "k_B": 0.08,
    "g": 1.0,
    "K_B": 0.6,
    "n": 2.0,
    "d0": 0.08,
    "chi": 0.4,
    "H_I": 0.5,
    "eta": 6.0,
    "H_on": 0.3,
    "H_off": 0.7,
    "eps": 0.05,
    "k_on": 0.2,
    "k_off": 0.2,
    "p_min": 0.2,
    "alpha": 0.4,
    "beta": 0.4
  },
  "metrics": {
    "n_obs_B": 6.0,
    "RMSE_B": 1.6624618460549099,
    "NRMSE_B": 5.662245307180214,
    "R2_B": -31.061021918684347,
    "n_obs_H": 3.0,
    "RMSE_H": 1.4256253288457716,
    "NRMSE_H": 1.4256253288457716,
    "R2_H": -1.0324075782466147
  }
}