{
  "subject": "H4020",
  "theta_subj_names": [
    "r_M",
    "gamma",
    "sigma_F",
    "sigma_A",
    "p_max",
    "s_B",
    "a_B"
  ],
  "theta_subj": [
    0.47654000587855216,
    0.44397289558870906,
    0.0005740315555854835,
    1.4925000000000004,
    0.30129319341821886,
    0.2611006442947024,
    4.999999999999973
  ],
  "cost": 661.7316744576198,
  "nfev": 37,
  "status": 2,
  "message": "`ftol` termination condition is satisfied.",
  "use_logB": true,
  "logbase": "10",
  "min_H_points": 3,
  "globals": {
    "r_C": 0.7,
    "K_M": 1.0,
    "K_C": 1.0,
    "u": 0.05,
    "k_B": 0.08,
    "g": 1.0,
    "K_B": 0.6,
    "n": 2.0,
    "d0": 0.08,
    "chi": 0.4,
    "H_I": 0.5,
    "eta": 6.0,
    "H_on": 0.3,
    "H_off": 0.7,
    "eps": 0.05,
    "k_on": 0.2,
    "k_off": 0.2,
    "p_min": 0.2,
    "alpha": 0.4,
    "beta": 0.4
  },
  "metrics": {
    "n_obs_B": 5.0,
    "RMSE_B": 1.6962707938627684,
    "NRMSE_B": 16.036626790833356,
    "R2_B": -256.17339882847415,
    "n_obs_H": 4.0,
    "RMSE_H": 3.065793321999585,
    "NRMSE_H": 3.0657933219995854,
    "R2_H": -8.399088693217251
  }
}