{
  "subject": "C3023",
  "theta_subj_names": [
    "r_M",
    "gamma",
    "sigma_F",
    "sigma_A",
    "p_max",
    "s_B",
    "a_B"
  ],
  "theta_subj": [
    0.19906755201950968,
    0.21884886657614386,
    0.10128290947510399,
    2.623202978398731e-06,
    0.5258468360902295,
    0.2444909059489046,
    4.999999999991757
  ],
  "cost": 546.2013928842803,
  "nfev": 47,
  "status": 3,
  "message": "`xtol` termination condition is satisfied.",
  "use_logB": true,
  "logbase": "10",
  "min_H_points": 3,
  "globals": {
    "r_C": 0.7,
    "K_M": 1.0,
    "K_C": 1.0,
    "u": 0.05,
    "k_B": 0.08,
    "g": 1.0,
    "K_B": 0.6,
    "n": 2.0,
    "d0": 0.08,
    "chi": 0.4,
    "H_I": 0.5,
    "eta": 6.0,
    "H_on": 0.3,
    "H_off": 0.7,
    "eps": 0.05,
    "k_on": 0.2,
    "k_off": 0.2,
    "p_min": 0.2,
    "alpha": 0.4,
    "beta": 0.4
  },
  "metrics": {
    "n_obs_B": 7.0,
    "RMSE_B": 1.6621481824297721,
    "NRMSE_B": 12.445785047146241,
    "R2_B": -153.897565439769,
    "n_obs_H": 6.0,
    "RMSE_H": 1.163316214547694,
    "NRMSE_H": 1.163316214547694,
    "R2_H": -0.3533046150295762
  }
}