{
  "subject": "H4014",
  "theta_subj_names": [
    "r_M",
    "gamma",
    "sigma_F",
    "sigma_A",
    "p_max",
    "s_B",
    "a_B"
  ],
  "theta_subj": [
    0.4388566714778583,
    0.4553140627339278,
    0.12402513792636574,
    1.4925,
    0.3789712414675013,
    0.2898206643436443,
    4.999862686236396
  ],
  "cost": 458.76585696689176,
  "nfev": 32,
  "status": 3,
  "message": "`xtol` termination condition is satisfied.",
  "use_logB": true,
  "logbase": "10",
  "min_H_points": 3,
  "globals": {
    "r_C": 0.7,
    "K_M": 1.0,
    "K_C": 1.0,
    "u": 0.05,
    "k_B": 0.08,
    "g": 1.0,
    "K_B": 0.6,
    "n": 2.0,
    "d0": 0.08,
    "chi": 0.4,
    "H_I": 0.5,
    "eta": 6.0,
    "H_on": 0.3,
    "H_off": 0.7,
    "eps": 0.05,
    "k_on": 0.2,
    "k_off": 0.2,
    "p_min": 0.2,
    "alpha": 0.4,
    "beta": 0.4
  },
  "metrics": {
    "n_obs_B": 6.0,
    "RMSE_B": 1.7903333882022856,
    "NRMSE_B": 12.284145684831788,
    "R2_B": -149.90023520617146,
    "n_obs_H": 3.0,
    "RMSE_H": 2.0108292399533916,
    "NRMSE_H": 2.0108292399533916,
    "R2_H": -3.043434232251533
  }
}