{
  "subject": "H4015",
  "theta_subj_names": [
    "r_M",
    "gamma",
    "sigma_F",
    "sigma_A",
    "p_max",
    "s_B",
    "a_B"
  ],
  "theta_subj": [
    0.12386859696024764,
    1.433526455595519,
    0.0886269605034622,
    1.1812571175551194,
    2.118678433591691,
    0.27321073394208584,
    4.999976616204539
  ],
  "cost": 29.5925462635451,
  "nfev": 41,
  "status": 3,
  "message": "`xtol` termination condition is satisfied.",
  "use_logB": true,
  "logbase": "10",
  "min_H_points": 3,
  "globals": {
    "r_C": 0.7,
    "K_M": 1.0,
    "K_C": 1.0,
    "u": 0.05,
    "k_B": 0.08,
    "g": 1.0,
    "K_B": 0.6,
    "n": 2.0,
    "d0": 0.08,
    "chi": 0.4,
    "H_I": 0.5,
    "eta": 6.0,
    "H_on": 0.3,
    "H_off": 0.7,
    "eps": 0.05,
    "k_on": 0.2,
    "k_off": 0.2,
    "p_min": 0.2,
    "alpha": 0.4,
    "beta": 0.4
  },
  "metrics": {
    "n_obs_B": 6.0,
    "RMSE_B": 1.5960856889074446,
    "NRMSE_B": 1.8271812639978475,
    "R2_B": -2.338591371504771,
    "n_obs_H": 4.0,
    "RMSE_H": 3.1286396523913376,
    "NRMSE_H": 3.128639652391338,
    "R2_H": -8.788386074515392
  }
}