{
  "subject": "C3009",
  "theta_subj_names": [
    "r_M",
    "gamma",
    "sigma_F",
    "sigma_A",
    "p_max",
    "s_B",
    "a_B"
  ],
  "theta_subj": [
    0.2708510155229663,
    0.23799433954568505,
    0.00039633725308862777,
    0.007499999999996667,
    2.6750568640516157,
    0.30400683080685276,
    4.999999999999849
  ],
  "cost": 110.44191354681092,
  "nfev": 350,
  "status": 0,
  "message": "The maximum number of function evaluations is exceeded.",
  "use_logB": true,
  "logbase": "10",
  "min_H_points": 3,
  "globals": {
    "r_C": 0.7,
    "K_M": 1.0,
    "K_C": 1.0,
    "u": 0.05,
    "k_B": 0.08,
    "g": 1.0,
    "K_B": 0.6,
    "n": 2.0,
    "d0": 0.08,
    "chi": 0.4,
    "H_I": 0.5,
    "eta": 6.0,
    "H_on": 0.3,
    "H_off": 0.7,
    "eps": 0.05,
    "k_on": 0.2,
    "k_off": 0.2,
    "p_min": 0.2,
    "alpha": 0.4,
    "beta": 0.4
  },
  "metrics": {
    "n_obs_B": 6.0,
    "RMSE_B": 1.2215771929036556,
    "NRMSE_B": 5.895791539090107,
    "R2_B": -33.760357872406495,
    "n_obs_H": 4.0,
    "RMSE_H": 1.7551125219756525,
    "NRMSE_H": 1.7551125219756527,
    "R2_H": -2.0804199647957358
  }
}