{
  "subject": "C3012",
  "theta_subj_names": [
    "r_M",
    "gamma",
    "sigma_F",
    "sigma_A",
    "p_max",
    "s_B",
    "a_B"
  ],
  "theta_subj": [
    0.05000000000000002,
    9.505297158940804e-10,
    1.499999996999751,
    1.260284288075337e-09,
    4.999999865268775,
    0.40600385324069227,
    4.999999999740831
  ],
  "cost": 13.329537960024187,
  "nfev": 41,
  "status": 2,
  "message": "`ftol` termination condition is satisfied.",
  "use_logB": true,
  "logbase": "10",
  "min_H_points": 3,
  "globals": {
    "r_C": 0.7,
    "K_M": 1.0,
    "K_C": 1.0,
    "u": 0.05,
    "k_B": 0.08,
    "g": 1.0,
    "K_B": 0.6,
    "n": 2.0,
    "d0": 0.08,
    "chi": 0.4,
    "H_I": 0.5,
    "eta": 6.0,
    "H_on": 0.3,
    "H_off": 0.7,
    "eps": 0.05,
    "k_on": 0.2,
    "k_off": 0.2,
    "p_min": 0.2,
    "alpha": 0.4,
    "beta": 0.4
  },
  "metrics": {
    "n_obs_B": 6.0,
    "RMSE_B": 0.7586856058457535,
    "NRMSE_B": 2.107885034817616,
    "R2_B": -3.4431793200080634,
    "n_obs_H": 2.0,
    "RMSE_H": 8.745258515258062,
    "NRMSE_H": NaN,
    "R2_H": NaN
  }
}