{
  "subject": "P6009",
  "theta_subj_names": [
    "r_M",
    "gamma",
    "sigma_F",
    "sigma_A",
    "p_max",
    "s_B",
    "a_B"
  ],
  "theta_subj": [
    0.35904101885644163,
    1.7187453581451453,
    0.11610670966535472,
    0.007500000000060753,
    2.647652094866033,
    0.27697484357498403,
    4.999999999997728
  ],
  "cost": 244.90651250544397,
  "nfev": 46,
  "status": 2,
  "message": "`ftol` termination condition is satisfied.",
  "use_logB": true,
  "logbase": "10",
  "min_H_points": 3,
  "globals": {
    "r_C": 0.7,
    "K_M": 1.0,
    "K_C": 1.0,
    "u": 0.05,
    "k_B": 0.08,
    "g": 1.0,
    "K_B": 0.6,
    "n": 2.0,
    "d0": 0.08,
    "chi": 0.4,
    "H_I": 0.5,
    "eta": 6.0,
    "H_on": 0.3,
    "H_off": 0.7,
    "eps": 0.05,
    "k_on": 0.2,
    "k_off": 0.2,
    "p_min": 0.2,
    "alpha": 0.4,
    "beta": 0.4
  },
  "metrics": {
    "n_obs_B": 6.0,
    "RMSE_B": 1.5636721839578978,
    "NRMSE_B": 8.760610740931254,
    "R2_B": -75.74830055412004,
    "n_obs_H": 6.0,
    "RMSE_H": 2.2107020636805172,
    "NRMSE_H": 2.2107020636805172,
    "R2_H": -3.8872036143612974
  }
}