{
  "subject": "H4040",
  "theta_subj_names": [
    "r_M",
    "gamma",
    "sigma_F",
    "sigma_A",
    "p_max",
    "s_B",
    "a_B"
  ],
  "theta_subj": [
    0.05000000000154531,
    1.5470719900405592e-13,
    1.4999999999994502,
    1.4995750761129014,
    0.3000000000010893,
    0.290150055459789,
    4.999999999992526
  ],
  "cost": 192.60280264841617,
  "nfev": 13,
  "status": 2,
  "message": "`ftol` termination condition is satisfied.",
  "use_logB": true,
  "logbase": "10",
  "min_H_points": 3,
  "globals": {
    "r_C": 0.7,
    "K_M": 1.0,
    "K_C": 1.0,
    "u": 0.05,
    "k_B": 0.08,
    "g": 1.0,
    "K_B": 0.6,
    "n": 2.0,
    "d0": 0.08,
    "chi": 0.4,
    "H_I": 0.5,
    "eta": 6.0,
    "H_on": 0.3,
    "H_off": 0.7,
    "eps": 0.05,
    "k_on": 0.2,
    "k_off": 0.2,
    "p_min": 0.2,
    "alpha": 0.4,
    "beta": 0.4
  },
  "metrics": {
    "n_obs_B": 4.0,
    "RMSE_B": 1.2968740826339753,
    "NRMSE_B": 9.813327739569697,
    "R2_B": -95.30140132420809,
    "n_obs_H": 1.0,
    "RMSE_H": 11.57720215993152,
    "NRMSE_H": NaN,
    "R2_H": NaN
  }
}