{
  "subject": "H4010",
  "theta_subj_names": [
    "r_M",
    "gamma",
    "sigma_F",
    "sigma_A",
    "p_max",
    "s_B",
    "a_B"
  ],
  "theta_subj": [
    0.3611328165090413,
    0.477024752344981,
    0.2631761339954477,
    1.4925000000000002,
    4.826542112349263,
    0.27138302818286575,
    4.996921008413016
  ],
  "cost": 108.75628739464173,
  "nfev": 148,
  "status": 4,
  "message": "Both `ftol` and `xtol` termination conditions are satisfied.",
  "use_logB": true,
  "logbase": "10",
  "min_H_points": 3,
  "globals": {
    "r_C": 0.7,
    "K_M": 1.0,
    "K_C": 1.0,
    "u": 0.05,
    "k_B": 0.08,
    "g": 1.0,
    "K_B": 0.6,
    "n": 2.0,
    "d0": 0.08,
    "chi": 0.4,
    "H_I": 0.5,
    "eta": 6.0,
    "H_on": 0.3,
    "H_off": 0.7,
    "eps": 0.05,
    "k_on": 0.2,
    "k_off": 0.2,
    "p_min": 0.2,
    "alpha": 0.4,
    "beta": 0.4
  },
  "metrics": {
    "n_obs_B": 7.0,
    "RMSE_B": 1.5328275480763363,
    "NRMSE_B": 5.537799761131951,
    "R2_B": -29.667226194393084,
    "n_obs_H": 3.0,
    "RMSE_H": 0.973309034262646,
    "NRMSE_H": 0.973309034262646,
    "R2_H": 0.05266952382271539
  }
}