{
  "subject": "C3004",
  "theta_subj_names": [
    "r_M",
    "gamma",
    "sigma_F",
    "sigma_A",
    "p_max",
    "s_B",
    "a_B"
  ],
  "theta_subj": [
    0.3822166513892688,
    0.3574632578420702,
    0.018836339038396026,
    0.00115304482084546,
    4.769070744263121,
    0.2851436406527666,
    4.999996496900471
  ],
  "cost": 151.2620534412981,
  "nfev": 26,
  "status": 2,
  "message": "`ftol` termination condition is satisfied.",
  "use_logB": true,
  "logbase": "10",
  "min_H_points": 3,
  "globals": {
    "r_C": 0.7,
    "K_M": 1.0,
    "K_C": 1.0,
    "u": 0.05,
    "k_B": 0.08,
    "g": 1.0,
    "K_B": 0.6,
    "n": 2.0,
    "d0": 0.08,
    "chi": 0.4,
    "H_I": 0.5,
    "eta": 6.0,
    "H_on": 0.3,
    "H_off": 0.7,
    "eps": 0.05,
    "k_on": 0.2,
    "k_off": 0.2,
    "p_min": 0.2,
    "alpha": 0.4,
    "beta": 0.4
  },
  "metrics": {
    "n_obs_B": 5.0,
    "RMSE_B": 1.427034416403144,
    "NRMSE_B": 7.7255207625972036,
    "R2_B": -58.683671053320474,
    "n_obs_H": 4.0,
    "RMSE_H": 1.0131327178600351,
    "NRMSE_H": 1.0131327178600351,
    "R2_H": -0.026437903998461465
  }
}