{
  "subject": "C3028",
  "theta_subj_names": [
    "r_M",
    "gamma",
    "sigma_F",
    "sigma_A",
    "p_max",
    "s_B",
    "a_B"
  ],
  "theta_subj": [
    1.3121747374624808,
    0.11584940370529674,
    0.2554144455894286,
    1.2266571368525088,
    4.999813890893322,
    0.33856206184151694,
    4.999982703377163
  ],
  "cost": 108.16604244566614,
  "nfev": 37,
  "status": 4,
  "message": "Both `ftol` and `xtol` termination conditions are satisfied.",
  "use_logB": true,
  "logbase": "10",
  "min_H_points": 3,
  "globals": {
    "r_C": 0.7,
    "K_M": 1.0,
    "K_C": 1.0,
    "u": 0.05,
    "k_B": 0.08,
    "g": 1.0,
    "K_B": 0.6,
    "n": 2.0,
    "d0": 0.08,
    "chi": 0.4,
    "H_I": 0.5,
    "eta": 6.0,
    "H_on": 0.3,
    "H_off": 0.7,
    "eps": 0.05,
    "k_on": 0.2,
    "k_off": 0.2,
    "p_min": 0.2,
    "alpha": 0.4,
    "beta": 0.4
  },
  "metrics": {
    "n_obs_B": 5.0,
    "RMSE_B": 1.4075843988135164,
    "NRMSE_B": 4.6550635973296615,
    "R2_B": -20.669617095183767,
    "n_obs_H": 5.0,
    "RMSE_H": 4.647235724931832,
    "NRMSE_H": 4.647235724931832,
    "R2_H": -20.59679988308269
  }
}