{
  "subject": "H4017",
  "theta_subj_names": [
    "r_M",
    "gamma",
    "sigma_F",
    "sigma_A",
    "p_max",
    "s_B",
    "a_B"
  ],
  "theta_subj": [
    1.6097630397030214,
    6.084726045592913e-05,
    0.00026989407232918633,
    1.4993506449776166,
    0.3002450589452817,
    0.2732528613720718,
    4.999999999999999
  ],
  "cost": 7.193167999192681,
  "nfev": 28,
  "status": 2,
  "message": "`ftol` termination condition is satisfied.",
  "use_logB": true,
  "logbase": "10",
  "min_H_points": 3,
  "globals": {
    "r_C": 0.7,
    "K_M": 1.0,
    "K_C": 1.0,
    "u": 0.05,
    "k_B": 0.08,
    "g": 1.0,
    "K_B": 0.6,
    "n": 2.0,
    "d0": 0.08,
    "chi": 0.4,
    "H_I": 0.5,
    "eta": 6.0,
    "H_on": 0.3,
    "H_off": 0.7,
    "eps": 0.05,
    "k_on": 0.2,
    "k_off": 0.2,
    "p_min": 0.2,
    "alpha": 0.4,
    "beta": 0.4
  },
  "metrics": {
    "n_obs_B": 4.0,
    "RMSE_B": 1.2868043758797543,
    "NRMSE_B": 1.6759655664629212,
    "R2_B": -1.8088605799693807,
    "n_obs_H": 4.0,
    "RMSE_H": 0.8875378412366203,
    "NRMSE_H": 0.8875378412366204,
    "R2_H": 0.21227658037303954
  }
}