{
  "subject": "M2021",
  "theta_subj_names": [
    "r_M",
    "gamma",
    "sigma_F",
    "sigma_A",
    "p_max",
    "s_B",
    "a_B"
  ],
  "theta_subj": [
    0.4964568024475915,
    1.9972523125954778,
    1.4837486673921476,
    1.402304459355381,
    4.988708952936334,
    0.29622993020246685,
    4.999994334524604
  ],
  "cost": 313.1728950946731,
  "nfev": 32,
  "status": 2,
  "message": "`ftol` termination condition is satisfied.",
  "use_logB": true,
  "logbase": "10",
  "min_H_points": 3,
  "globals": {
    "r_C": 0.7,
    "K_M": 1.0,
    "K_C": 1.0,
    "u": 0.05,
    "k_B": 0.08,
    "g": 1.0,
    "K_B": 0.6,
    "n": 2.0,
    "d0": 0.08,
    "chi": 0.4,
    "H_I": 0.5,
    "eta": 6.0,
    "H_on": 0.3,
    "H_off": 0.7,
    "eps": 0.05,
    "k_on": 0.2,
    "k_off": 0.2,
    "p_min": 0.2,
    "alpha": 0.4,
    "beta": 0.4
  },
  "metrics": {
    "n_obs_B": 4.0,
    "RMSE_B": 1.375175662297803,
    "NRMSE_B": 11.277703960127049,
    "R2_B": -126.18660661226531,
    "n_obs_H": 4.0,
    "RMSE_H": 5.422162016674825,
    "NRMSE_H": 5.422162016674825,
    "R2_H": -28.39984093507121
  }
}