{
  "subject": "C3002",
  "theta_subj_names": [
    "r_M",
    "gamma",
    "sigma_F",
    "sigma_A",
    "p_max",
    "s_B",
    "a_B"
  ],
  "theta_subj": [
    0.4904724821221914,
    0.5006351330816575,
    0.3371202481171525,
    0.02627328625757472,
    4.228809303085723,
    0.1863527606073851,
    4.999982865628396
  ],
  "cost": 313.2247564089227,
  "nfev": 39,
  "status": 3,
  "message": "`xtol` termination condition is satisfied.",
  "use_logB": true,
  "logbase": "10",
  "min_H_points": 3,
  "globals": {
    "r_C": 0.7,
    "K_M": 1.0,
    "K_C": 1.0,
    "u": 0.05,
    "k_B": 0.08,
    "g": 1.0,
    "K_B": 0.6,
    "n": 2.0,
    "d0": 0.08,
    "chi": 0.4,
    "H_I": 0.5,
    "eta": 6.0,
    "H_on": 0.3,
    "H_off": 0.7,
    "eps": 0.05,
    "k_on": 0.2,
    "k_off": 0.2,
    "p_min": 0.2,
    "alpha": 0.4,
    "beta": 0.4
  },
  "metrics": {
    "n_obs_B": 6.0,
    "RMSE_B": 1.2994956107726403,
    "NRMSE_B": 10.089352004741738,
    "R2_B": -100.7950238755861,
    "n_obs_H": 6.0,
    "RMSE_H": 1.6165482549931705,
    "NRMSE_H": 1.6165482549931705,
    "R2_H": -1.6132282607214647
  }
}