{
  "subject": "P6037",
  "theta_subj_names": [
    "r_M",
    "gamma",
    "sigma_F",
    "sigma_A",
    "p_max",
    "s_B",
    "a_B"
  ],
  "theta_subj": [
    0.050000000000013214,
    5.919702804662412e-16,
    1.4999999999999756,
    2.031223276799135e-13,
    0.3221867736671421,
    0.3078575434047531,
    4.999999999999999
  ],
  "cost": 69.78421043124493,
  "nfev": 25,
  "status": 2,
  "message": "`ftol` termination condition is satisfied.",
  "use_logB": true,
  "logbase": "10",
  "min_H_points": 3,
  "globals": {
    "r_C": 0.7,
    "K_M": 1.0,
    "K_C": 1.0,
    "u": 0.05,
    "k_B": 0.08,
    "g": 1.0,
    "K_B": 0.6,
    "n": 2.0,
    "d0": 0.08,
    "chi": 0.4,
    "H_I": 0.5,
    "eta": 6.0,
    "H_on": 0.3,
    "H_off": 0.7,
    "eps": 0.05,
    "k_on": 0.2,
    "k_off": 0.2,
    "p_min": 0.2,
    "alpha": 0.4,
    "beta": 0.4
  },
  "metrics": {
    "n_obs_B": 4.0,
    "RMSE_B": 1.2240157277285004,
    "NRMSE_B": 5.906953971009295,
    "R2_B": -33.892105215622465,
    "n_obs_H": 2.0,
    "RMSE_H": 12.20711227657999,
    "NRMSE_H": 12.20711227657999,
    "R2_H": -148.01359013302988
  }
}