{
  "subject": "C3017",
  "theta_subj_names": [
    "r_M",
    "gamma",
    "sigma_F",
    "sigma_A",
    "p_max",
    "s_B",
    "a_B"
  ],
  "theta_subj": [
    0.4774591288626084,
    1.0400148506425386,
    0.2737727761222971,
    0.49924179135841135,
    1.2027485331627201,
    0.2823088869684737,
    4.999999993848721
  ],
  "cost": 13.627548903320672,
  "nfev": 55,
  "status": 2,
  "message": "`ftol` termination condition is satisfied.",
  "use_logB": true,
  "logbase": "10",
  "min_H_points": 3,
  "globals": {
    "r_C": 0.7,
    "K_M": 1.0,
    "K_C": 1.0,
    "u": 0.05,
    "k_B": 0.08,
    "g": 1.0,
    "K_B": 0.6,
    "n": 2.0,
    "d0": 0.08,
    "chi": 0.4,
    "H_I": 0.5,
    "eta": 6.0,
    "H_on": 0.3,
    "H_off": 0.7,
    "eps": 0.05,
    "k_on": 0.2,
    "k_off": 0.2,
    "p_min": 0.2,
    "alpha": 0.4,
    "beta": 0.4
  },
  "metrics": {
    "n_obs_B": 6.0,
    "RMSE_B": 1.462990698999956,
    "NRMSE_B": 1.873278818700385,
    "R2_B": -2.50917353259151,
    "n_obs_H": 6.0,
    "RMSE_H": 1.0165346863316471,
    "NRMSE_H": 1.0165346863316471,
    "R2_H": -0.03334276851537976
  }
}