{
  "subject": "C3001",
  "theta_subj_names": [
    "r_M",
    "gamma",
    "sigma_F",
    "sigma_A",
    "p_max",
    "s_B",
    "a_B"
  ],
  "theta_subj": [
    1.544787307420242,
    0.7727915430278439,
    0.053415321172022114,
    1.0291119160165203,
    0.48478474605203764,
    0.27468117510297435,
    4.999999980632837
  ],
  "cost": 45.288311978161246,
  "nfev": 70,
  "status": 2,
  "message": "`ftol` termination condition is satisfied.",
  "use_logB": true,
  "logbase": "10",
  "min_H_points": 3,
  "globals": {
    "r_C": 0.7,
    "K_M": 1.0,
    "K_C": 1.0,
    "u": 0.05,
    "k_B": 0.08,
    "g": 1.0,
    "K_B": 0.6,
    "n": 2.0,
    "d0": 0.08,
    "chi": 0.4,
    "H_I": 0.5,
    "eta": 6.0,
    "H_on": 0.3,
    "H_off": 0.7,
    "eps": 0.05,
    "k_on": 0.2,
    "k_off": 0.2,
    "p_min": 0.2,
    "alpha": 0.4,
    "beta": 0.4
  },
  "metrics": {
    "n_obs_B": 6.0,
    "RMSE_B": 1.2814873565978016,
    "NRMSE_B": 3.7517180570035578,
    "R2_B": -13.075388379246547,
    "n_obs_H": 6.0,
    "RMSE_H": 1.010304713180072,
    "NRMSE_H": 1.010304713180072,
    "R2_H": -0.0207156134738673
  }
}