{
  "subject": "H4035",
  "theta_subj_names": [
    "r_M",
    "gamma",
    "sigma_F",
    "sigma_A",
    "p_max",
    "s_B",
    "a_B"
  ],
  "theta_subj": [
    0.47027546494928757,
    0.8061621074963391,
    0.29958678580551007,
    0.24389963905425835,
    2.343105564069996,
    0.2165856432153183,
    4.999999999719145
  ],
  "cost": 141.04113836355012,
  "nfev": 32,
  "status": 2,
  "message": "`ftol` termination condition is satisfied.",
  "use_logB": true,
  "logbase": "10",
  "min_H_points": 3,
  "globals": {
    "r_C": 0.7,
    "K_M": 1.0,
    "K_C": 1.0,
    "u": 0.05,
    "k_B": 0.08,
    "g": 1.0,
    "K_B": 0.6,
    "n": 2.0,
    "d0": 0.08,
    "chi": 0.4,
    "H_I": 0.5,
    "eta": 6.0,
    "H_on": 0.3,
    "H_off": 0.7,
    "eps": 0.05,
    "k_on": 0.2,
    "k_off": 0.2,
    "p_min": 0.2,
    "alpha": 0.4,
    "beta": 0.4
  },
  "metrics": {
    "n_obs_B": 7.0,
    "RMSE_B": 1.676080777835089,
    "NRMSE_B": 4.856289065330202,
    "R2_B": -22.58354348604568,
    "n_obs_H": 6.0,
    "RMSE_H": 4.415832732429608,
    "NRMSE_H": 4.4158327324296085,
    "R2_H": -18.499578720796737
  }
}