{
  "subject": "C3027",
  "theta_subj_names": [
    "r_M",
    "gamma",
    "sigma_F",
    "sigma_A",
    "p_max",
    "s_B",
    "a_B"
  ],
  "theta_subj": [
    0.08633303964564082,
    0.3769604635027344,
    0.011672459977706242,
    0.4491603520017032,
    0.7615156876413379,
    0.25829910680872625,
    4.999999999997242
  ],
  "cost": 262.7710247544327,
  "nfev": 29,
  "status": 4,
  "message": "Both `ftol` and `xtol` termination conditions are satisfied.",
  "use_logB": true,
  "logbase": "10",
  "min_H_points": 3,
  "globals": {
    "r_C": 0.7,
    "K_M": 1.0,
    "K_C": 1.0,
    "u": 0.05,
    "k_B": 0.08,
    "g": 1.0,
    "K_B": 0.6,
    "n": 2.0,
    "d0": 0.08,
    "chi": 0.4,
    "H_I": 0.5,
    "eta": 6.0,
    "H_on": 0.3,
    "H_off": 0.7,
    "eps": 0.05,
    "k_on": 0.2,
    "k_off": 0.2,
    "p_min": 0.2,
    "alpha": 0.4,
    "beta": 0.4
  },
  "metrics": {
    "n_obs_B": 6.0,
    "RMSE_B": 1.4531352298399614,
    "NRMSE_B": 8.384157972140194,
    "R2_B": -69.29410490180199,
    "n_obs_H": 6.0,
    "RMSE_H": 4.158874449055767,
    "NRMSE_H": 4.158874449055767,
    "R2_H": -16.296236683008903
  }
}