{
  "subject": "C3037",
  "theta_subj_names": [
    "r_M",
    "gamma",
    "sigma_F",
    "sigma_A",
    "p_max",
    "s_B",
    "a_B"
  ],
  "theta_subj": [
    0.47311647313151967,
    0.5762386745547136,
    0.14975322141237649,
    0.7704597643080925,
    4.999999508448627,
    0.24842451898414167,
    4.999999993223181
  ],
  "cost": 149.9083248029521,
  "nfev": 54,
  "status": 2,
  "message": "`ftol` termination condition is satisfied.",
  "use_logB": true,
  "logbase": "10",
  "min_H_points": 3,
  "globals": {
    "r_C": 0.7,
    "K_M": 1.0,
    "K_C": 1.0,
    "u": 0.05,
    "k_B": 0.08,
    "g": 1.0,
    "K_B": 0.6,
    "n": 2.0,
    "d0": 0.08,
    "chi": 0.4,
    "H_I": 0.5,
    "eta": 6.0,
    "H_on": 0.3,
    "H_off": 0.7,
    "eps": 0.05,
    "k_on": 0.2,
    "k_off": 0.2,
    "p_min": 0.2,
    "alpha": 0.4,
    "beta": 0.4
  },
  "metrics": {
    "n_obs_B": 8.0,
    "RMSE_B": 1.4291382152048213,
    "NRMSE_B": 6.092610977027957,
    "R2_B": -36.119908517401555,
    "n_obs_H": 3.0,
    "RMSE_H": 0.9759408224361033,
    "NRMSE_H": 0.9759408224361035,
    "R2_H": 0.04753951110274224
  }
}