{
  "subject": "H4031",
  "theta_subj_names": [
    "r_M",
    "gamma",
    "sigma_F",
    "sigma_A",
    "p_max",
    "s_B",
    "a_B"
  ],
  "theta_subj": [
    0.05000000041883608,
    7.657474332366608e-11,
    1.4999999984202115,
    4.096782158815043e-10,
    4.9998185405343,
    0.3816573527618242,
    4.99999999531559
  ],
  "cost": 531.6713907271385,
  "nfev": 22,
  "status": 2,
  "message": "`ftol` termination condition is satisfied.",
  "use_logB": true,
  "logbase": "10",
  "min_H_points": 3,
  "globals": {
    "r_C": 0.7,
    "K_M": 1.0,
    "K_C": 1.0,
    "u": 0.05,
    "k_B": 0.08,
    "g": 1.0,
    "K_B": 0.6,
    "n": 2.0,
    "d0": 0.08,
    "chi": 0.4,
    "H_I": 0.5,
    "eta": 6.0,
    "H_on": 0.3,
    "H_off": 0.7,
    "eps": 0.05,
    "k_on": 0.2,
    "k_off": 0.2,
    "p_min": 0.2,
    "alpha": 0.4,
    "beta": 0.4
  },
  "metrics": {
    "n_obs_B": 5.0,
    "RMSE_B": 1.4631586157611367,
    "NRMSE_B": 14.583160024180472,
    "R2_B": -211.6685562908554,
    "n_obs_H": 2.0,
    "RMSE_H": 9.083401081619781,
    "NRMSE_H": 9.083401081619781,
    "R2_H": -81.5081752095714
  }
}