{
  "subject": "P6016",
  "theta_subj_names": [
    "r_M",
    "gamma",
    "sigma_F",
    "sigma_A",
    "p_max",
    "s_B",
    "a_B"
  ],
  "theta_subj": [
    0.05000000000793439,
    0.5398127412512936,
    1.4994170317387283,
    0.003596828721069979,
    0.32220073258387316,
    0.27758608849086763,
    4.999999999999999
  ],
  "cost": 20.61238901168801,
  "nfev": 46,
  "status": 2,
  "message": "`ftol` termination condition is satisfied.",
  "use_logB": true,
  "logbase": "10",
  "min_H_points": 3,
  "globals": {
    "r_C": 0.7,
    "K_M": 1.0,
    "K_C": 1.0,
    "u": 0.05,
    "k_B": 0.08,
    "g": 1.0,
    "K_B": 0.6,
    "n": 2.0,
    "d0": 0.08,
    "chi": 0.4,
    "H_I": 0.5,
    "eta": 6.0,
    "H_on": 0.3,
    "H_off": 0.7,
    "eps": 0.05,
    "k_on": 0.2,
    "k_off": 0.2,
    "p_min": 0.2,
    "alpha": 0.4,
    "beta": 0.4
  },
  "metrics": {
    "n_obs_B": 6.0,
    "RMSE_B": 0.9575996587148322,
    "NRMSE_B": 2.6212203908159526,
    "R2_B": -5.870796337229334,
    "n_obs_H": 2.0,
    "RMSE_H": 8.173904829753273,
    "NRMSE_H": NaN,
    "R2_H": NaN
  }
}