{
  "subject": "E5001",
  "theta_subj_names": [
    "r_M",
    "gamma",
    "sigma_F",
    "sigma_A",
    "p_max",
    "s_B",
    "a_B"
  ],
  "theta_subj": [
    0.21175453057782734,
    0.18438607038986876,
    3.633016352330809e-06,
    1.1238611052449807,
    0.30000000000000004,
    0.2564768871540694,
    4.999999999999999
  ],
  "cost": 265.0006413402222,
  "nfev": 48,
  "status": 2,
  "message": "`ftol` termination condition is satisfied.",
  "use_logB": true,
  "logbase": "10",
  "min_H_points": 3,
  "globals": {
    "r_C": 0.7,
    "K_M": 1.0,
    "K_C": 1.0,
    "u": 0.05,
    "k_B": 0.08,
    "g": 1.0,
    "K_B": 0.6,
    "n": 2.0,
    "d0": 0.08,
    "chi": 0.4,
    "H_I": 0.5,
    "eta": 6.0,
    "H_on": 0.3,
    "H_off": 0.7,
    "eps": 0.05,
    "k_on": 0.2,
    "k_off": 0.2,
    "p_min": 0.2,
    "alpha": 0.4,
    "beta": 0.4
  },
  "metrics": {
    "n_obs_B": 5.0,
    "RMSE_B": 1.6285789769401993,
    "NRMSE_B": 10.228198137273427,
    "R2_B": -103.61603713532365,
    "n_obs_H": 4.0,
    "RMSE_H": 1.3153988942357189,
    "NRMSE_H": 1.315398894235719,
    "R2_H": -0.7302742509565523
  }
}