{
  "subject": "P6024",
  "theta_subj_names": [
    "r_M",
    "gamma",
    "sigma_F",
    "sigma_A",
    "p_max",
    "s_B",
    "a_B"
  ],
  "theta_subj": [
    1.297720801648183,
    0.4929297873792263,
    0.08904935521145359,
    1.4527931770708864,
    2.873732325972053,
    0.20921823198222017,
    4.999985549568678
  ],
  "cost": 157.26673629309232,
  "nfev": 42,
  "status": 3,
  "message": "`xtol` termination condition is satisfied.",
  "use_logB": true,
  "logbase": "10",
  "min_H_points": 3,
  "globals": {
    "r_C": 0.7,
    "K_M": 1.0,
    "K_C": 1.0,
    "u": 0.05,
    "k_B": 0.08,
    "g": 1.0,
    "K_B": 0.6,
    "n": 2.0,
    "d0": 0.08,
    "chi": 0.4,
    "H_I": 0.5,
    "eta": 6.0,
    "H_on": 0.3,
    "H_off": 0.7,
    "eps": 0.05,
    "k_on": 0.2,
    "k_off": 0.2,
    "p_min": 0.2,
    "alpha": 0.4,
    "beta": 0.4
  },
  "metrics": {
    "n_obs_B": 4.0,
    "RMSE_B": 1.0988293311652664,
    "NRMSE_B": 8.738905581664369,
    "R2_B": -75.36847076524465,
    "n_obs_H": 4.0,
    "RMSE_H": 1.504957601164074,
    "NRMSE_H": 1.504957601164074,
    "R2_H": -1.264897381301524
  }
}