{
  "subject": "H4019",
  "theta_subj_names": [
    "r_M",
    "gamma",
    "sigma_F",
    "sigma_A",
    "p_max",
    "s_B",
    "a_B"
  ],
  "theta_subj": [
    0.12932706981579087,
    0.255017263729397,
    0.574242805012425,
    4.0367496005210496e-08,
    4.999998668139114,
    0.18158146354466737,
    4.999999999999999
  ],
  "cost": 43.68614025954955,
  "nfev": 30,
  "status": 3,
  "message": "`xtol` termination condition is satisfied.",
  "use_logB": true,
  "logbase": "10",
  "min_H_points": 3,
  "globals": {
    "r_C": 0.7,
    "K_M": 1.0,
    "K_C": 1.0,
    "u": 0.05,
    "k_B": 0.08,
    "g": 1.0,
    "K_B": 0.6,
    "n": 2.0,
    "d0": 0.08,
    "chi": 0.4,
    "H_I": 0.5,
    "eta": 6.0,
    "H_on": 0.3,
    "H_off": 0.7,
    "eps": 0.05,
    "k_on": 0.2,
    "k_off": 0.2,
    "p_min": 0.2,
    "alpha": 0.4,
    "beta": 0.4
  },
  "metrics": {
    "n_obs_B": 6.0,
    "RMSE_B": 1.5174321119120158,
    "NRMSE_B": 3.675807564236759,
    "R2_B": -12.511561249300174,
    "n_obs_H": 5.0,
    "RMSE_H": 1.1227566987818915,
    "NRMSE_H": 1.1227566987818918,
    "R2_H": -0.2605826046596116
  }
}