{
  "subject": "P6035",
  "theta_subj_names": [
    "r_M",
    "gamma",
    "sigma_F",
    "sigma_A",
    "p_max",
    "s_B",
    "a_B"
  ],
  "theta_subj": [
    0.05000000000009533,
    1.32576389518253e-14,
    1.4999999999998652,
    0.12756464999590067,
    0.30000000000000016,
    0.34235980490217416,
    4.999999999998495
  ],
  "cost": 1499.4283845118714,
  "nfev": 12,
  "status": 2,
  "message": "`ftol` termination condition is satisfied.",
  "use_logB": true,
  "logbase": "10",
  "min_H_points": 3,
  "globals": {
    "r_C": 0.7,
    "K_M": 1.0,
    "K_C": 1.0,
    "u": 0.05,
    "k_B": 0.08,
    "g": 1.0,
    "K_B": 0.6,
    "n": 2.0,
    "d0": 0.08,
    "chi": 0.4,
    "H_I": 0.5,
    "eta": 6.0,
    "H_on": 0.3,
    "H_off": 0.7,
    "eps": 0.05,
    "k_on": 0.2,
    "k_off": 0.2,
    "p_min": 0.2,
    "alpha": 0.4,
    "beta": 0.4
  },
  "metrics": {
    "n_obs_B": 4.0,
    "RMSE_B": 1.2445662658014807,
    "NRMSE_B": 25.16771227299601,
    "R2_B": -632.4137410563138,
    "n_obs_H": 3.0,
    "RMSE_H": 12.45260086352094,
    "NRMSE_H": 12.45260086352094,
    "R2_H": -154.06726826616244
  }
}