{
  "subject": "H4001",
  "theta_subj_names": [
    "r_M",
    "gamma",
    "sigma_F",
    "sigma_A",
    "p_max",
    "s_B",
    "a_B"
  ],
  "theta_subj": [
    0.050000000072583636,
    0.041908063760379664,
    2.9843918412869067e-09,
    0.43393388977006975,
    0.30000000000000004,
    0.2701349162823069,
    4.999999999999999
  ],
  "cost": 134.10587886333914,
  "nfev": 57,
  "status": 2,
  "message": "`ftol` termination condition is satisfied.",
  "use_logB": true,
  "logbase": "10",
  "min_H_points": 3,
  "globals": {
    "r_C": 0.7,
    "K_M": 1.0,
    "K_C": 1.0,
    "u": 0.05,
    "k_B": 0.08,
    "g": 1.0,
    "K_B": 0.6,
    "n": 2.0,
    "d0": 0.08,
    "chi": 0.4,
    "H_I": 0.5,
    "eta": 6.0,
    "H_on": 0.3,
    "H_off": 0.7,
    "eps": 0.05,
    "k_on": 0.2,
    "k_off": 0.2,
    "p_min": 0.2,
    "alpha": 0.4,
    "beta": 0.4
  },
  "metrics": {
    "n_obs_B": 8.0,
    "RMSE_B": 1.5273237923822867,
    "NRMSE_B": 5.485977154350335,
    "R2_B": -29.095945338053806,
    "n_obs_H": 3.0,
    "RMSE_H": 3.0245768311312506,
    "NRMSE_H": 3.024576831131251,
    "R2_H": -8.148065007415957
  }
}