{
  "subject": "H4043",
  "theta_subj_names": [
    "r_M",
    "gamma",
    "sigma_F",
    "sigma_A",
    "p_max",
    "s_B",
    "a_B"
  ],
  "theta_subj": [
    0.4069401139045341,
    0.3829368515640784,
    0.10223936817299441,
    1.4924999999999984,
    0.8573711754134682,
    0.27982346740317143,
    4.999999983419375
  ],
  "cost": 28.400334412284174,
  "nfev": 36,
  "status": 2,
  "message": "`ftol` termination condition is satisfied.",
  "use_logB": true,
  "logbase": "10",
  "min_H_points": 3,
  "globals": {
    "r_C": 0.7,
    "K_M": 1.0,
    "K_C": 1.0,
    "u": 0.05,
    "k_B": 0.08,
    "g": 1.0,
    "K_B": 0.6,
    "n": 2.0,
    "d0": 0.08,
    "chi": 0.4,
    "H_I": 0.5,
    "eta": 6.0,
    "H_on": 0.3,
    "H_off": 0.7,
    "eps": 0.05,
    "k_on": 0.2,
    "k_off": 0.2,
    "p_min": 0.2,
    "alpha": 0.4,
    "beta": 0.4
  },
  "metrics": {
    "n_obs_B": 5.0,
    "RMSE_B": 1.329002533891518,
    "NRMSE_B": 3.2793716630565304,
    "R2_B": -9.754278504458156,
    "n_obs_H": 4.0,
    "RMSE_H": 0.8702408146998107,
    "NRMSE_H": 0.8702408146998107,
    "R2_H": 0.24268092443060973
  }
}