{
  "subject": "M2064",
  "theta_subj_names": [
    "r_M",
    "gamma",
    "sigma_F",
    "sigma_A",
    "p_max",
    "s_B",
    "a_B"
  ],
  "theta_subj": [
    0.16951952451942934,
    1.8739119344126756,
    0.05389048632113564,
    0.419824145397906,
    4.83059419920085,
    0.25533977019952037,
    4.999999934938663
  ],
  "cost": 148.04967033684014,
  "nfev": 41,
  "status": 4,
  "message": "Both `ftol` and `xtol` termination conditions are satisfied.",
  "use_logB": true,
  "logbase": "10",
  "min_H_points": 3,
  "globals": {
    "r_C": 0.7,
    "K_M": 1.0,
    "K_C": 1.0,
    "u": 0.05,
    "k_B": 0.08,
    "g": 1.0,
    "K_B": 0.6,
    "n": 2.0,
    "d0": 0.08,
    "chi": 0.4,
    "H_I": 0.5,
    "eta": 6.0,
    "H_on": 0.3,
    "H_off": 0.7,
    "eps": 0.05,
    "k_on": 0.2,
    "k_off": 0.2,
    "p_min": 0.2,
    "alpha": 0.4,
    "beta": 0.4
  },
  "metrics": {
    "n_obs_B": 5.0,
    "RMSE_B": 1.7181109699041515,
    "NRMSE_B": 5.879207555580887,
    "R2_B": -33.565081481599385,
    "n_obs_H": 5.0,
    "RMSE_H": 4.965358663091385,
    "NRMSE_H": 4.965358663091385,
    "R2_H": -23.65478665313666
  }
}