{
  "subject": "C3010",
  "theta_subj_names": [
    "r_M",
    "gamma",
    "sigma_F",
    "sigma_A",
    "p_max",
    "s_B",
    "a_B"
  ],
  "theta_subj": [
    0.21477267204503483,
    1.8623079667784268,
    0.04982042537783807,
    0.40724116074990324,
    0.3028497430561157,
    0.32818585898731234,
    4.9999999860925115
  ],
  "cost": 176.03629654882815,
  "nfev": 34,
  "status": 2,
  "message": "`ftol` termination condition is satisfied.",
  "use_logB": true,
  "logbase": "10",
  "min_H_points": 3,
  "globals": {
    "r_C": 0.7,
    "K_M": 1.0,
    "K_C": 1.0,
    "u": 0.05,
    "k_B": 0.08,
    "g": 1.0,
    "K_B": 0.6,
    "n": 2.0,
    "d0": 0.08,
    "chi": 0.4,
    "H_I": 0.5,
    "eta": 6.0,
    "H_on": 0.3,
    "H_off": 0.7,
    "eps": 0.05,
    "k_on": 0.2,
    "k_off": 0.2,
    "p_min": 0.2,
    "alpha": 0.4,
    "beta": 0.4
  },
  "metrics": {
    "n_obs_B": 6.0,
    "RMSE_B": 1.6151092050251117,
    "NRMSE_B": 7.540077585312186,
    "R2_B": -55.852769992527236,
    "n_obs_H": 5.0,
    "RMSE_H": 1.4802684312308259,
    "NRMSE_H": 1.4802684312308259,
    "R2_H": -1.1911946284985704
  }
}