{
  "subject": "M2083",
  "theta_subj_names": [
    "r_M",
    "gamma",
    "sigma_F",
    "sigma_A",
    "p_max",
    "s_B",
    "a_B"
  ],
  "theta_subj": [
    0.10646742421959611,
    0.09137323327080188,
    0.0009411936099864234,
    1.479538445176839,
    0.30000379834449725,
    0.21528597025169594,
    4.999999999999997
  ],
  "cost": 179.87532368076282,
  "nfev": 238,
  "status": 2,
  "message": "`ftol` termination condition is satisfied.",
  "use_logB": true,
  "logbase": "10",
  "min_H_points": 3,
  "globals": {
    "r_C": 0.7,
    "K_M": 1.0,
    "K_C": 1.0,
    "u": 0.05,
    "k_B": 0.08,
    "g": 1.0,
    "K_B": 0.6,
    "n": 2.0,
    "d0": 0.08,
    "chi": 0.4,
    "H_I": 0.5,
    "eta": 6.0,
    "H_on": 0.3,
    "H_off": 0.7,
    "eps": 0.05,
    "k_on": 0.2,
    "k_off": 0.2,
    "p_min": 0.2,
    "alpha": 0.4,
    "beta": 0.4
  },
  "metrics": {
    "n_obs_B": 5.0,
    "RMSE_B": 0.9348801197850228,
    "NRMSE_B": 8.38012739209383,
    "R2_B": -69.2265351077213,
    "n_obs_H": 5.0,
    "RMSE_H": 1.3128573283429599,
    "NRMSE_H": 1.31285732834296,
    "R2_H": -0.7235943645838148
  }
}