{
  "subject": "H4007",
  "theta_subj_names": [
    "r_M",
    "gamma",
    "sigma_F",
    "sigma_A",
    "p_max",
    "s_B",
    "a_B"
  ],
  "theta_subj": [
    1.962756359812485,
    0.37704463904703805,
    0.009212157550685295,
    1.4925,
    0.4572467762411746,
    0.2777738201348729,
    4.999995187673698
  ],
  "cost": 166.83323933748508,
  "nfev": 40,
  "status": 2,
  "message": "`ftol` termination condition is satisfied.",
  "use_logB": true,
  "logbase": "10",
  "min_H_points": 3,
  "globals": {
    "r_C": 0.7,
    "K_M": 1.0,
    "K_C": 1.0,
    "u": 0.05,
    "k_B": 0.08,
    "g": 1.0,
    "K_B": 0.6,
    "n": 2.0,
    "d0": 0.08,
    "chi": 0.4,
    "H_I": 0.5,
    "eta": 6.0,
    "H_on": 0.3,
    "H_off": 0.7,
    "eps": 0.05,
    "k_on": 0.2,
    "k_off": 0.2,
    "p_min": 0.2,
    "alpha": 0.4,
    "beta": 0.4
  },
  "metrics": {
    "n_obs_B": 5.0,
    "RMSE_B": 1.437184625679493,
    "NRMSE_B": 4.568323522390101,
    "R2_B": -19.869579805222692,
    "n_obs_H": 5.0,
    "RMSE_H": 6.772275535576748,
    "NRMSE_H": 6.772275535576749,
    "R2_H": -44.86371592977133
  }
}