{
  "subject": "M2025",
  "theta_subj_names": [
    "r_M",
    "gamma",
    "sigma_F",
    "sigma_A",
    "p_max",
    "s_B",
    "a_B"
  ],
  "theta_subj": [
    0.5092889160716277,
    0.4892746956618314,
    0.1650706022321355,
    0.08749477474068244,
    4.999576868124071,
    0.3178429754288701,
    4.99999748701123
  ],
  "cost": 52.00553519763945,
  "nfev": 49,
  "status": 2,
  "message": "`ftol` termination condition is satisfied.",
  "use_logB": true,
  "logbase": "10",
  "min_H_points": 3,
  "globals": {
    "r_C": 0.7,
    "K_M": 1.0,
    "K_C": 1.0,
    "u": 0.05,
    "k_B": 0.08,
    "g": 1.0,
    "K_B": 0.6,
    "n": 2.0,
    "d0": 0.08,
    "chi": 0.4,
    "H_I": 0.5,
    "eta": 6.0,
    "H_on": 0.3,
    "H_off": 0.7,
    "eps": 0.05,
    "k_on": 0.2,
    "k_off": 0.2,
    "p_min": 0.2,
    "alpha": 0.4,
    "beta": 0.4
  },
  "metrics": {
    "n_obs_B": 5.0,
    "RMSE_B": 1.4176349784521058,
    "NRMSE_B": 4.487192474541316,
    "R2_B": -19.13489630358022,
    "n_obs_H": 4.0,
    "RMSE_H": 0.9133166041107795,
    "NRMSE_H": 0.9133166041107796,
    "R2_H": 0.16585278065555342
  }
}