{
  "subject": "C3034",
  "theta_subj_names": [
    "r_M",
    "gamma",
    "sigma_F",
    "sigma_A",
    "p_max",
    "s_B",
    "a_B"
  ],
  "theta_subj": [
    0.7161182283475844,
    0.5752191736782077,
    0.39169325775727004,
    1.256058403493246,
    3.5710195394510067,
    0.3039934472978263,
    4.999999612811046
  ],
  "cost": 36.41134579576481,
  "nfev": 34,
  "status": 2,
  "message": "`ftol` termination condition is satisfied.",
  "use_logB": true,
  "logbase": "10",
  "min_H_points": 3,
  "globals": {
    "r_C": 0.7,
    "K_M": 1.0,
    "K_C": 1.0,
    "u": 0.05,
    "k_B": 0.08,
    "g": 1.0,
    "K_B": 0.6,
    "n": 2.0,
    "d0": 0.08,
    "chi": 0.4,
    "H_I": 0.5,
    "eta": 6.0,
    "H_on": 0.3,
    "H_off": 0.7,
    "eps": 0.05,
    "k_on": 0.2,
    "k_off": 0.2,
    "p_min": 0.2,
    "alpha": 0.4,
    "beta": 0.4
  },
  "metrics": {
    "n_obs_B": 5.0,
    "RMSE_B": 1.295092014135196,
    "NRMSE_B": 3.607797308622069,
    "R2_B": -12.016201420100643,
    "n_obs_H": 5.0,
    "RMSE_H": 1.2443218627852197,
    "NRMSE_H": 1.2443218627852195,
    "R2_H": -0.5483368982052785
  }
}