{
  "subject": "M2069",
  "theta_subj_names": [
    "r_M",
    "gamma",
    "sigma_F",
    "sigma_A",
    "p_max",
    "s_B",
    "a_B"
  ],
  "theta_subj": [
    0.05000000000001027,
    1.999999999999967,
    1.0032301023500706e-15,
    0.007500000000261456,
    3.1885954707292807,
    0.2864708821372281,
    4.999999999999999
  ],
  "cost": 284.07027099353354,
  "nfev": 25,
  "status": 4,
  "message": "Both `ftol` and `xtol` termination conditions are satisfied.",
  "use_logB": true,
  "logbase": "10",
  "min_H_points": 3,
  "globals": {
    "r_C": 0.7,
    "K_M": 1.0,
    "K_C": 1.0,
    "u": 0.05,
    "k_B": 0.08,
    "g": 1.0,
    "K_B": 0.6,
    "n": 2.0,
    "d0": 0.08,
    "chi": 0.4,
    "H_I": 0.5,
    "eta": 6.0,
    "H_on": 0.3,
    "H_off": 0.7,
    "eps": 0.05,
    "k_on": 0.2,
    "k_off": 0.2,
    "p_min": 0.2,
    "alpha": 0.4,
    "beta": 0.4
  },
  "metrics": {
    "n_obs_B": 6.0,
    "RMSE_B": 1.5910600524208314,
    "NRMSE_B": 8.691827472273605,
    "R2_B": -74.54786480777017,
    "n_obs_H": 6.0,
    "RMSE_H": 4.375182913137197,
    "NRMSE_H": 4.375182913137197,
    "R2_H": -18.142225523407685
  }
}