{
  "subject": "E5009",
  "theta_subj_names": [
    "r_M",
    "gamma",
    "sigma_F",
    "sigma_A",
    "p_max",
    "s_B",
    "a_B"
  ],
  "theta_subj": [
    0.40266462690957255,
    0.0027825248015771846,
    0.30193552396448087,
    1.1429484310180418,
    0.5340610037065684,
    0.25747478622272135,
    4.999999999961587
  ],
  "cost": 139.97897395068688,
  "nfev": 33,
  "status": 3,
  "message": "`xtol` termination condition is satisfied.",
  "use_logB": true,
  "logbase": "10",
  "min_H_points": 3,
  "globals": {
    "r_C": 0.7,
    "K_M": 1.0,
    "K_C": 1.0,
    "u": 0.05,
    "k_B": 0.08,
    "g": 1.0,
    "K_B": 0.6,
    "n": 2.0,
    "d0": 0.08,
    "chi": 0.4,
    "H_I": 0.5,
    "eta": 6.0,
    "H_on": 0.3,
    "H_off": 0.7,
    "eps": 0.05,
    "k_on": 0.2,
    "k_off": 0.2,
    "p_min": 0.2,
    "alpha": 0.4,
    "beta": 0.4
  },
  "metrics": {
    "n_obs_B": 5.0,
    "RMSE_B": 1.202872082238577,
    "NRMSE_B": 7.264632694734739,
    "R2_B": -51.77488818940891,
    "n_obs_H": 4.0,
    "RMSE_H": 2.005212392386978,
    "NRMSE_H": 2.005212392386978,
    "R2_H": -3.0208767385823077
  }
}