{
  "subject": "M2085",
  "theta_subj_names": [
    "r_M",
    "gamma",
    "sigma_F",
    "sigma_A",
    "p_max",
    "s_B",
    "a_B"
  ],
  "theta_subj": [
    1.4772478492637342,
    0.4943054392298521,
    0.02998554277488355,
    1.2233411061290127,
    0.3082867006809484,
    0.3586935518630065,
    4.999939009670905
  ],
  "cost": 332.51787281959787,
  "nfev": 31,
  "status": 2,
  "message": "`ftol` termination condition is satisfied.",
  "use_logB": true,
  "logbase": "10",
  "min_H_points": 3,
  "globals": {
    "r_C": 0.7,
    "K_M": 1.0,
    "K_C": 1.0,
    "u": 0.05,
    "k_B": 0.08,
    "g": 1.0,
    "K_B": 0.6,
    "n": 2.0,
    "d0": 0.08,
    "chi": 0.4,
    "H_I": 0.5,
    "eta": 6.0,
    "H_on": 0.3,
    "H_off": 0.7,
    "eps": 0.05,
    "k_on": 0.2,
    "k_off": 0.2,
    "p_min": 0.2,
    "alpha": 0.4,
    "beta": 0.4
  },
  "metrics": {
    "n_obs_B": 7.0,
    "RMSE_B": 1.7587332274039427,
    "NRMSE_B": 9.653818115333115,
    "R2_B": -92.19620420393382,
    "n_obs_H": 5.0,
    "RMSE_H": 1.5913714972726594,
    "NRMSE_H": 1.5913714972726596,
    "R2_H": -1.532463242331826
  }
}