{
  "subject": "C3013",
  "theta_subj_names": [
    "r_M",
    "gamma",
    "sigma_F",
    "sigma_A",
    "p_max",
    "s_B",
    "a_B"
  ],
  "theta_subj": [
    0.31808024222814163,
    0.001064858929267552,
    1.4591619230722292,
    1.3059082707349963,
    0.5918761410615982,
    0.24162069898397587,
    4.999999927693896
  ],
  "cost": 61.2391851951269,
  "nfev": 30,
  "status": 2,
  "message": "`ftol` termination condition is satisfied.",
  "use_logB": true,
  "logbase": "10",
  "min_H_points": 3,
  "globals": {
    "r_C": 0.7,
    "K_M": 1.0,
    "K_C": 1.0,
    "u": 0.05,
    "k_B": 0.08,
    "g": 1.0,
    "K_B": 0.6,
    "n": 2.0,
    "d0": 0.08,
    "chi": 0.4,
    "H_I": 0.5,
    "eta": 6.0,
    "H_on": 0.3,
    "H_off": 0.7,
    "eps": 0.05,
    "k_on": 0.2,
    "k_off": 0.2,
    "p_min": 0.2,
    "alpha": 0.4,
    "beta": 0.4
  },
  "metrics": {
    "n_obs_B": 5.0,
    "RMSE_B": 1.4284968459899325,
    "NRMSE_B": 4.757381863017982,
    "R2_B": -21.63268219057245,
    "n_obs_H": 5.0,
    "RMSE_H": 1.364914608126939,
    "NRMSE_H": 1.364914608126939,
    "R2_H": -0.8629918874783151
  }
}