{
  "subject": "M2027",
  "theta_subj_names": [
    "r_M",
    "gamma",
    "sigma_F",
    "sigma_A",
    "p_max",
    "s_B",
    "a_B"
  ],
  "theta_subj": [
    0.050000000000848456,
    1.4692085241273476,
    1.499999995193184,
    0.007500000000009261,
    4.999901082142881,
    0.3906215222938896,
    4.999999999751444
  ],
  "cost": 2478.174844533245,
  "nfev": 24,
  "status": 2,
  "message": "`ftol` termination condition is satisfied.",
  "use_logB": true,
  "logbase": "10",
  "min_H_points": 3,
  "globals": {
    "r_C": 0.7,
    "K_M": 1.0,
    "K_C": 1.0,
    "u": 0.05,
    "k_B": 0.08,
    "g": 1.0,
    "K_B": 0.6,
    "n": 2.0,
    "d0": 0.08,
    "chi": 0.4,
    "H_I": 0.5,
    "eta": 6.0,
    "H_on": 0.3,
    "H_off": 0.7,
    "eps": 0.05,
    "k_on": 0.2,
    "k_off": 0.2,
    "p_min": 0.2,
    "alpha": 0.4,
    "beta": 0.4
  },
  "metrics": {
    "n_obs_B": 5.0,
    "RMSE_B": 1.439993798149992,
    "NRMSE_B": 31.484439614090295,
    "R2_B": -990.2699378132982,
    "n_obs_H": 2.0,
    "RMSE_H": 12.350847577329004,
    "NRMSE_H": NaN,
    "R2_H": NaN
  }
}