{
  "subject": "P6028",
  "theta_subj_names": [
    "r_M",
    "gamma",
    "sigma_F",
    "sigma_A",
    "p_max",
    "s_B",
    "a_B"
  ],
  "theta_subj": [
    1.9984434673152152,
    1.008027015788716,
    0.09736313322590173,
    1.479263343448618,
    0.32079124723434826,
    0.05000006245757131,
    4.389423542062937
  ],
  "cost": 9.212277669067044,
  "nfev": 29,
  "status": 2,
  "message": "`ftol` termination condition is satisfied.",
  "use_logB": true,
  "logbase": "10",
  "min_H_points": 3,
  "globals": {
    "r_C": 0.7,
    "K_M": 1.0,
    "K_C": 1.0,
    "u": 0.05,
    "k_B": 0.08,
    "g": 1.0,
    "K_B": 0.6,
    "n": 2.0,
    "d0": 0.08,
    "chi": 0.4,
    "H_I": 0.5,
    "eta": 6.0,
    "H_on": 0.3,
    "H_off": 0.7,
    "eps": 0.05,
    "k_on": 0.2,
    "k_off": 0.2,
    "p_min": 0.2,
    "alpha": 0.4,
    "beta": 0.4
  },
  "metrics": {
    "n_obs_B": 6.0,
    "RMSE_B": 0.1740950102732678,
    "NRMSE_B": 1.5236922697908513,
    "R2_B": -1.3216381330203961,
    "n_obs_H": 3.0,
    "RMSE_H": 1.2240270340167752,
    "NRMSE_H": 1.2240270340167752,
    "R2_H": -0.49824218000390386
  }
}