{
  "subject": "P6013",
  "theta_subj_names": [
    "r_M",
    "gamma",
    "sigma_F",
    "sigma_A",
    "p_max",
    "s_B",
    "a_B"
  ],
  "theta_subj": [
    0.2992345559750583,
    0.2668245101852934,
    8.346603091344557e-20,
    0.007499999999999851,
    4.999999999999999,
    0.23028122393840386,
    4.999999999999999
  ],
  "cost": 229.77057682700104,
  "nfev": 156,
  "status": 2,
  "message": "`ftol` termination condition is satisfied.",
  "use_logB": true,
  "logbase": "10",
  "min_H_points": 3,
  "globals": {
    "r_C": 0.7,
    "K_M": 1.0,
    "K_C": 1.0,
    "u": 0.05,
    "k_B": 0.08,
    "g": 1.0,
    "K_B": 0.6,
    "n": 2.0,
    "d0": 0.08,
    "chi": 0.4,
    "H_I": 0.5,
    "eta": 6.0,
    "H_on": 0.3,
    "H_off": 0.7,
    "eps": 0.05,
    "k_on": 0.2,
    "k_off": 0.2,
    "p_min": 0.2,
    "alpha": 0.4,
    "beta": 0.4
  },
  "metrics": {
    "n_obs_B": 4.0,
    "RMSE_B": 1.2353888063295315,
    "NRMSE_B": 10.685418629624548,
    "R2_B": -113.17817129032737,
    "n_obs_H": 3.0,
    "RMSE_H": 0.9709906440834083,
    "NRMSE_H": NaN,
    "R2_H": NaN
  }
}