{
  "subject": "M2008",
  "theta_subj_names": [
    "r_M",
    "gamma",
    "sigma_F",
    "sigma_A",
    "p_max",
    "s_B",
    "a_B"
  ],
  "theta_subj": [
    0.594654584336331,
    0.5851357530323636,
    3.7101271664915874e-09,
    0.4992905653635513,
    4.999999999999999,
    0.18264253436371047,
    4.999999999999999
  ],
  "cost": 70.02404313685183,
  "nfev": 42,
  "status": 2,
  "message": "`ftol` termination condition is satisfied.",
  "use_logB": true,
  "logbase": "10",
  "min_H_points": 3,
  "globals": {
    "r_C": 0.7,
    "K_M": 1.0,
    "K_C": 1.0,
    "u": 0.05,
    "k_B": 0.08,
    "g": 1.0,
    "K_B": 0.6,
    "n": 2.0,
    "d0": 0.08,
    "chi": 0.4,
    "H_I": 0.5,
    "eta": 6.0,
    "H_on": 0.3,
    "H_off": 0.7,
    "eps": 0.05,
    "k_on": 0.2,
    "k_off": 0.2,
    "p_min": 0.2,
    "alpha": 0.4,
    "beta": 0.4
  },
  "metrics": {
    "n_obs_B": 6.0,
    "RMSE_B": 1.491084319614577,
    "NRMSE_B": 4.774537243999762,
    "R2_B": -21.796205894340847,
    "n_obs_H": 6.0,
    "RMSE_H": 0.7383371979949903,
    "NRMSE_H": 0.7383371979949903,
    "R2_H": 0.4548581820569064
  }
}