{
  "subject": "C3006",
  "theta_subj_names": [
    "r_M",
    "gamma",
    "sigma_F",
    "sigma_A",
    "p_max",
    "s_B",
    "a_B"
  ],
  "theta_subj": [
    0.43499877026937966,
    0.9099433819838758,
    0.026835812377994064,
    0.00749999999999242,
    2.423817795345751,
    0.3116257269387614,
    4.999999999999992
  ],
  "cost": 26.399744757945452,
  "nfev": 29,
  "status": 3,
  "message": "`xtol` termination condition is satisfied.",
  "use_logB": true,
  "logbase": "10",
  "min_H_points": 3,
  "globals": {
    "r_C": 0.7,
    "K_M": 1.0,
    "K_C": 1.0,
    "u": 0.05,
    "k_B": 0.08,
    "g": 1.0,
    "K_B": 0.6,
    "n": 2.0,
    "d0": 0.08,
    "chi": 0.4,
    "H_I": 0.5,
    "eta": 6.0,
    "H_on": 0.3,
    "H_off": 0.7,
    "eps": 0.05,
    "k_on": 0.2,
    "k_off": 0.2,
    "p_min": 0.2,
    "alpha": 0.4,
    "beta": 0.4
  },
  "metrics": {
    "n_obs_B": 5.0,
    "RMSE_B": 1.5295155329751897,
    "NRMSE_B": 3.0089672765827746,
    "R2_B": -8.053884071545959,
    "n_obs_H": 4.0,
    "RMSE_H": 1.372048574045493,
    "NRMSE_H": 1.3720485740454929,
    "R2_H": -0.8825172895402702
  }
}