{
  "subject": "H4038",
  "theta_subj_names": [
    "r_M",
    "gamma",
    "sigma_F",
    "sigma_A",
    "p_max",
    "s_B",
    "a_B"
  ],
  "theta_subj": [
    0.05000000000000001,
    4.621454154861214e-31,
    1.4999999999999998,
    1.2909209526338205e-32,
    4.979027417525764,
    0.30313852667580005,
    4.999999999999999
  ],
  "cost": 44.6903947680789,
  "nfev": 21,
  "status": 2,
  "message": "`ftol` termination condition is satisfied.",
  "use_logB": true,
  "logbase": "10",
  "min_H_points": 3,
  "globals": {
    "r_C": 0.7,
    "K_M": 1.0,
    "K_C": 1.0,
    "u": 0.05,
    "k_B": 0.08,
    "g": 1.0,
    "K_B": 0.6,
    "n": 2.0,
    "d0": 0.08,
    "chi": 0.4,
    "H_I": 0.5,
    "eta": 6.0,
    "H_on": 0.3,
    "H_off": 0.7,
    "eps": 0.05,
    "k_on": 0.2,
    "k_off": 0.2,
    "p_min": 0.2,
    "alpha": 0.4,
    "beta": 0.4
  },
  "metrics": {
    "n_obs_B": 6.0,
    "RMSE_B": 1.1266939623130514,
    "NRMSE_B": 3.8596370627335284,
    "R2_B": -13.896798256026297,
    "n_obs_H": 2.0,
    "RMSE_H": 9.447184927083033,
    "NRMSE_H": 9.447184927083033,
    "R2_H": -88.24930304650485
  }
}