{
  "subject": "C3008",
  "theta_subj_names": [
    "r_M",
    "gamma",
    "sigma_F",
    "sigma_A",
    "p_max",
    "s_B",
    "a_B"
  ],
  "theta_subj": [
    1.8814678520470398,
    0.21026005768892747,
    0.0006519392469585968,
    1.1695012529501367,
    0.30000000000000004,
    0.2757071338867362,
    4.999999999999999
  ],
  "cost": 689.9712855061689,
  "nfev": 32,
  "status": 4,
  "message": "Both `ftol` and `xtol` termination conditions are satisfied.",
  "use_logB": true,
  "logbase": "10",
  "min_H_points": 3,
  "globals": {
    "r_C": 0.7,
    "K_M": 1.0,
    "K_C": 1.0,
    "u": 0.05,
    "k_B": 0.08,
    "g": 1.0,
    "K_B": 0.6,
    "n": 2.0,
    "d0": 0.08,
    "chi": 0.4,
    "H_I": 0.5,
    "eta": 6.0,
    "H_on": 0.3,
    "H_off": 0.7,
    "eps": 0.05,
    "k_on": 0.2,
    "k_off": 0.2,
    "p_min": 0.2,
    "alpha": 0.4,
    "beta": 0.4
  },
  "metrics": {
    "n_obs_B": 4.0,
    "RMSE_B": 1.422701609714811,
    "NRMSE_B": 18.414345860107883,
    "R2_B": -338.08813345567233,
    "n_obs_H": 3.0,
    "RMSE_H": 2.8041657814549548,
    "NRMSE_H": NaN,
    "R2_H": NaN
  }
}