{
  "subject": "M2034",
  "theta_subj_names": [
    "r_M",
    "gamma",
    "sigma_F",
    "sigma_A",
    "p_max",
    "s_B",
    "a_B"
  ],
  "theta_subj": [
    0.05314296865978511,
    1.9832263796688527,
    0.0020751175527325104,
    0.002373203454004077,
    0.3235382153306648,
    0.050000031777169954,
    4.999993830387948
  ],
  "cost": 12.2558112395537,
  "nfev": 44,
  "status": 2,
  "message": "`ftol` termination condition is satisfied.",
  "use_logB": true,
  "logbase": "10",
  "min_H_points": 3,
  "globals": {
    "r_C": 0.7,
    "K_M": 1.0,
    "K_C": 1.0,
    "u": 0.05,
    "k_B": 0.08,
    "g": 1.0,
    "K_B": 0.6,
    "n": 2.0,
    "d0": 0.08,
    "chi": 0.4,
    "H_I": 0.5,
    "eta": 6.0,
    "H_on": 0.3,
    "H_off": 0.7,
    "eps": 0.05,
    "k_on": 0.2,
    "k_off": 0.2,
    "p_min": 0.2,
    "alpha": 0.4,
    "beta": 0.4
  },
  "metrics": {
    "n_obs_B": 5.0,
    "RMSE_B": 1.4203775874121372,
    "NRMSE_B": 1.8509074885486472,
    "R2_B": -2.4258585311654604,
    "n_obs_H": 4.0,
    "RMSE_H": 1.3585221587519374,
    "NRMSE_H": 1.3585221587519376,
    "R2_H": -0.8455824558200249
  }
}