{
  "subject": "C3011",
  "theta_subj_names": [
    "r_M",
    "gamma",
    "sigma_F",
    "sigma_A",
    "p_max",
    "s_B",
    "a_B"
  ],
  "theta_subj": [
    0.2731373973190804,
    0.2503298248692754,
    0.03336153931345229,
    0.0002772818565735021,
    4.84625262004906,
    0.3207900032726654,
    4.99999999993819
  ],
  "cost": 364.1929957922026,
  "nfev": 43,
  "status": 3,
  "message": "`xtol` termination condition is satisfied.",
  "use_logB": true,
  "logbase": "10",
  "min_H_points": 3,
  "globals": {
    "r_C": 0.7,
    "K_M": 1.0,
    "K_C": 1.0,
    "u": 0.05,
    "k_B": 0.08,
    "g": 1.0,
    "K_B": 0.6,
    "n": 2.0,
    "d0": 0.08,
    "chi": 0.4,
    "H_I": 0.5,
    "eta": 6.0,
    "H_on": 0.3,
    "H_off": 0.7,
    "eps": 0.05,
    "k_on": 0.2,
    "k_off": 0.2,
    "p_min": 0.2,
    "alpha": 0.4,
    "beta": 0.4
  },
  "metrics": {
    "n_obs_B": 5.0,
    "RMSE_B": 2.1693926754592887,
    "NRMSE_B": 11.545977740571583,
    "R2_B": -132.3096019857745,
    "n_obs_H": 5.0,
    "RMSE_H": 3.5167593507527015,
    "NRMSE_H": 3.5167593507527015,
    "R2_H": -11.367596331106563
  }
}