{
  "subject": "P6033",
  "theta_subj_names": [
    "r_M",
    "gamma",
    "sigma_F",
    "sigma_A",
    "p_max",
    "s_B",
    "a_B"
  ],
  "theta_subj": [
    0.38709270967775355,
    0.384378484642479,
    0.07963321867491804,
    0.0047225981695840705,
    1.0847820907466874,
    0.23624860952621965,
    4.999999999999999
  ],
  "cost": 306.55540437449235,
  "nfev": 61,
  "status": 2,
  "message": "`ftol` termination condition is satisfied.",
  "use_logB": true,
  "logbase": "10",
  "min_H_points": 3,
  "globals": {
    "r_C": 0.7,
    "K_M": 1.0,
    "K_C": 1.0,
    "u": 0.05,
    "k_B": 0.08,
    "g": 1.0,
    "K_B": 0.6,
    "n": 2.0,
    "d0": 0.08,
    "chi": 0.4,
    "H_I": 0.5,
    "eta": 6.0,
    "H_on": 0.3,
    "H_off": 0.7,
    "eps": 0.05,
    "k_on": 0.2,
    "k_off": 0.2,
    "p_min": 0.2,
    "alpha": 0.4,
    "beta": 0.4
  },
  "metrics": {
    "n_obs_B": 4.0,
    "RMSE_B": 1.328661356093449,
    "NRMSE_B": 12.30073559034332,
    "R2_B": -150.3080960635388,
    "n_obs_H": 4.0,
    "RMSE_H": 1.4034265651281252,
    "NRMSE_H": 1.4034265651281252,
    "R2_H": -0.9696061237073277
  }
}