{
  "subject": "C3005",
  "theta_subj_names": [
    "r_M",
    "gamma",
    "sigma_F",
    "sigma_A",
    "p_max",
    "s_B",
    "a_B"
  ],
  "theta_subj": [
    0.05000000039714846,
    1.8921359451824484,
    1.4999999463857403,
    0.00750000000000006,
    4.999999892888577,
    0.3657922639302598,
    4.999999964886595
  ],
  "cost": 111.20562218071828,
  "nfev": 25,
  "status": 3,
  "message": "`xtol` termination condition is satisfied.",
  "use_logB": true,
  "logbase": "10",
  "min_H_points": 3,
  "globals": {
    "r_C": 0.7,
    "K_M": 1.0,
    "K_C": 1.0,
    "u": 0.05,
    "k_B": 0.08,
    "g": 1.0,
    "K_B": 0.6,
    "n": 2.0,
    "d0": 0.08,
    "chi": 0.4,
    "H_I": 0.5,
    "eta": 6.0,
    "H_on": 0.3,
    "H_off": 0.7,
    "eps": 0.05,
    "k_on": 0.2,
    "k_off": 0.2,
    "p_min": 0.2,
    "alpha": 0.4,
    "beta": 0.4
  },
  "metrics": {
    "n_obs_B": 5.0,
    "RMSE_B": 1.1034915217677417,
    "NRMSE_B": 6.669501396078069,
    "R2_B": -43.48224887228731,
    "n_obs_H": 1.0,
    "RMSE_H": 12.396679566469242,
    "NRMSE_H": NaN,
    "R2_H": NaN
  }
}