{
  "subject": "C3031",
  "theta_subj_names": [
    "r_M",
    "gamma",
    "sigma_F",
    "sigma_A",
    "p_max",
    "s_B",
    "a_B"
  ],
  "theta_subj": [
    1.459466711696292,
    0.8627256475899078,
    0.3798205899984885,
    0.8655480897886898,
    0.7344267074890586,
    0.28785292053152106,
    4.999995935739715
  ],
  "cost": 241.1664462806567,
  "nfev": 42,
  "status": 3,
  "message": "`xtol` termination condition is satisfied.",
  "use_logB": true,
  "logbase": "10",
  "min_H_points": 3,
  "globals": {
    "r_C": 0.7,
    "K_M": 1.0,
    "K_C": 1.0,
    "u": 0.05,
    "k_B": 0.08,
    "g": 1.0,
    "K_B": 0.6,
    "n": 2.0,
    "d0": 0.08,
    "chi": 0.4,
    "H_I": 0.5,
    "eta": 6.0,
    "H_on": 0.3,
    "H_off": 0.7,
    "eps": 0.05,
    "k_on": 0.2,
    "k_off": 0.2,
    "p_min": 0.2,
    "alpha": 0.4,
    "beta": 0.4
  },
  "metrics": {
    "n_obs_B": 4.0,
    "RMSE_B": 1.3790416963018493,
    "NRMSE_B": 10.907064104358756,
    "R2_B": -117.9640473765913,
    "n_obs_H": 3.0,
    "RMSE_H": 1.4693199169398359,
    "NRMSE_H": 1.4693199169398359,
    "R2_H": -1.1589010183160853
  }
}