{
  "subject": "M2068",
  "theta_subj_names": [
    "r_M",
    "gamma",
    "sigma_F",
    "sigma_A",
    "p_max",
    "s_B",
    "a_B"
  ],
  "theta_subj": [
    1.2739703017451458,
    0.3987072446398799,
    0.29936240321707874,
    1.238705038325067,
    0.6150563086591496,
    0.2006768566959138,
    4.999999999982161
  ],
  "cost": 39.38562813351287,
  "nfev": 32,
  "status": 4,
  "message": "Both `ftol` and `xtol` termination conditions are satisfied.",
  "use_logB": true,
  "logbase": "10",
  "min_H_points": 3,
  "globals": {
    "r_C": 0.7,
    "K_M": 1.0,
    "K_C": 1.0,
    "u": 0.05,
    "k_B": 0.08,
    "g": 1.0,
    "K_B": 0.6,
    "n": 2.0,
    "d0": 0.08,
    "chi": 0.4,
    "H_I": 0.5,
    "eta": 6.0,
    "H_on": 0.3,
    "H_off": 0.7,
    "eps": 0.05,
    "k_on": 0.2,
    "k_off": 0.2,
    "p_min": 0.2,
    "alpha": 0.4,
    "beta": 0.4
  },
  "metrics": {
    "n_obs_B": 4.0,
    "RMSE_B": 1.2428794198364619,
    "NRMSE_B": 4.13784071042307,
    "R2_B": -16.121725744834503,
    "n_obs_H": 4.0,
    "RMSE_H": 1.6034613565415083,
    "NRMSE_H": 1.6034613565415083,
    "R2_H": -1.5710883219219345
  }
}