{
  "subject": "H4042",
  "theta_subj_names": [
    "r_M",
    "gamma",
    "sigma_F",
    "sigma_A",
    "p_max",
    "s_B",
    "a_B"
  ],
  "theta_subj": [
    0.05000000000000014,
    1.9999999999999998,
    2.910241584257745e-16,
    1.4999999999999998,
    4.99971313533369,
    0.2944902672098549,
    4.999999999999999
  ],
  "cost": 464.8135850680771,
  "nfev": 22,
  "status": 3,
  "message": "`xtol` termination condition is satisfied.",
  "use_logB": true,
  "logbase": "10",
  "min_H_points": 3,
  "globals": {
    "r_C": 0.7,
    "K_M": 1.0,
    "K_C": 1.0,
    "u": 0.05,
    "k_B": 0.08,
    "g": 1.0,
    "K_B": 0.6,
    "n": 2.0,
    "d0": 0.08,
    "chi": 0.4,
    "H_I": 0.5,
    "eta": 6.0,
    "H_on": 0.3,
    "H_off": 0.7,
    "eps": 0.05,
    "k_on": 0.2,
    "k_off": 0.2,
    "p_min": 0.2,
    "alpha": 0.4,
    "beta": 0.4
  },
  "metrics": {
    "n_obs_B": 4.0,
    "RMSE_B": 1.724957733960757,
    "NRMSE_B": 14.031843971526055,
    "R2_B": -195.89264524125207,
    "n_obs_H": 4.0,
    "RMSE_H": 5.959374740086956,
    "NRMSE_H": 5.959374740086956,
    "R2_H": -34.51414729278646
  }
}