{
  "subject": "P6038",
  "theta_subj_names": [
    "r_M",
    "gamma",
    "sigma_F",
    "sigma_A",
    "p_max",
    "s_B",
    "a_B"
  ],
  "theta_subj": [
    0.682290488424097,
    0.6690402842726867,
    1.3927799101517113e-07,
    0.007500000052923493,
    0.7830422106859753,
    0.27480136501787733,
    4.999999999999999
  ],
  "cost": 1290.9333113612859,
  "nfev": 38,
  "status": 2,
  "message": "`ftol` termination condition is satisfied.",
  "use_logB": true,
  "logbase": "10",
  "min_H_points": 3,
  "globals": {
    "r_C": 0.7,
    "K_M": 1.0,
    "K_C": 1.0,
    "u": 0.05,
    "k_B": 0.08,
    "g": 1.0,
    "K_B": 0.6,
    "n": 2.0,
    "d0": 0.08,
    "chi": 0.4,
    "H_I": 0.5,
    "eta": 6.0,
    "H_on": 0.3,
    "H_off": 0.7,
    "eps": 0.05,
    "k_on": 0.2,
    "k_off": 0.2,
    "p_min": 0.2,
    "alpha": 0.4,
    "beta": 0.4
  },
  "metrics": {
    "n_obs_B": 5.0,
    "RMSE_B": 1.4610890071115188,
    "NRMSE_B": 22.581155028737182,
    "R2_B": -508.9085624318625,
    "n_obs_H": 5.0,
    "RMSE_H": 2.542589646925313,
    "NRMSE_H": 2.542589646925313,
    "R2_H": -5.464762112651786
  }
}