{
  "subject": "C3016",
  "theta_subj_names": [
    "r_M",
    "gamma",
    "sigma_F",
    "sigma_A",
    "p_max",
    "s_B",
    "a_B"
  ],
  "theta_subj": [
    1.2141776078734707,
    0.00025445768762747577,
    0.17981749347526502,
    1.1691163251689072,
    3.3726284260281623,
    0.24666910381445387,
    4.999999999999999
  ],
  "cost": 153.4952204802586,
  "nfev": 350,
  "status": 0,
  "message": "The maximum number of function evaluations is exceeded.",
  "use_logB": true,
  "logbase": "10",
  "min_H_points": 3,
  "globals": {
    "r_C": 0.7,
    "K_M": 1.0,
    "K_C": 1.0,
    "u": 0.05,
    "k_B": 0.08,
    "g": 1.0,
    "K_B": 0.6,
    "n": 2.0,
    "d0": 0.08,
    "chi": 0.4,
    "H_I": 0.5,
    "eta": 6.0,
    "H_on": 0.3,
    "H_off": 0.7,
    "eps": 0.05,
    "k_on": 0.2,
    "k_off": 0.2,
    "p_min": 0.2,
    "alpha": 0.4,
    "beta": 0.4
  },
  "metrics": {
    "n_obs_B": 7.0,
    "RMSE_B": 1.7373061776628254,
    "NRMSE_B": 6.573342067259485,
    "R2_B": -42.20882593320319,
    "n_obs_H": 6.0,
    "RMSE_H": 0.8687787815946821,
    "NRMSE_H": 0.8687787815946821,
    "R2_H": 0.24522342865085955
  }
}