{
  "subject": "H4039",
  "theta_subj_names": [
    "r_M",
    "gamma",
    "sigma_F",
    "sigma_A",
    "p_max",
    "s_B",
    "a_B"
  ],
  "theta_subj": [
    0.05000000000000001,
    3.0432750217650157e-19,
    1.4999999999999998,
    5.68380313804355e-19,
    3.972001918455973,
    0.0500000000000047,
    4.999999999999999
  ],
  "cost": 5.297483239988089,
  "nfev": 12,
  "status": 1,
  "message": "`gtol` termination condition is satisfied.",
  "use_logB": true,
  "logbase": "10",
  "min_H_points": 3,
  "globals": {
    "r_C": 0.7,
    "K_M": 1.0,
    "K_C": 1.0,
    "u": 0.05,
    "k_B": 0.08,
    "g": 1.0,
    "K_B": 0.6,
    "n": 2.0,
    "d0": 0.08,
    "chi": 0.4,
    "H_I": 0.5,
    "eta": 6.0,
    "H_on": 0.3,
    "H_off": 0.7,
    "eps": 0.05,
    "k_on": 0.2,
    "k_off": 0.2,
    "p_min": 0.2,
    "alpha": 0.4,
    "beta": 0.4
  },
  "metrics": {
    "n_obs_B": 4.0,
    "RMSE_B": 1.4702799069735228,
    "NRMSE_B": 1.6274955053683082,
    "R2_B": -1.6487416199940448,
    "n_obs_H": 1.0,
    "RMSE_H": 0.5,
    "NRMSE_H": NaN,
    "R2_H": NaN
  }
}