{
  "subject": "H4006",
  "theta_subj_names": [
    "r_M",
    "gamma",
    "sigma_F",
    "sigma_A",
    "p_max",
    "s_B",
    "a_B"
  ],
  "theta_subj": [
    0.05000000000000001,
    9.742387451672015e-15,
    1.4999999999999802,
    8.300056734458851e-15,
    4.9999999999246905,
    0.05000000000000481,
    4.999999999999999
  ],
  "cost": 5.284189270925175,
  "nfev": 39,
  "status": 1,
  "message": "`gtol` termination condition is satisfied.",
  "use_logB": true,
  "logbase": "10",
  "min_H_points": 3,
  "globals": {
    "r_C": 0.7,
    "K_M": 1.0,
    "K_C": 1.0,
    "u": 0.05,
    "k_B": 0.08,
    "g": 1.0,
    "K_B": 0.6,
    "n": 2.0,
    "d0": 0.08,
    "chi": 0.4,
    "H_I": 0.5,
    "eta": 6.0,
    "H_on": 0.3,
    "H_off": 0.7,
    "eps": 0.05,
    "k_on": 0.2,
    "k_off": 0.2,
    "p_min": 0.2,
    "alpha": 0.4,
    "beta": 0.4
  },
  "metrics": {
    "n_obs_B": 6.0,
    "RMSE_B": 1.611376405870046,
    "NRMSE_B": 1.3271761087518585,
    "R2_B": -0.7613964236417254,
    "n_obs_H": 2.0,
    "RMSE_H": 8.00541281125701,
    "NRMSE_H": 8.00541281125701,
    "R2_H": -63.08663427863786
  }
}