{
  "subject": "H4027",
  "theta_subj_names": [
    "r_M",
    "gamma",
    "sigma_F",
    "sigma_A",
    "p_max",
    "s_B",
    "a_B"
  ],
  "theta_subj": [
    0.5421142593150043,
    0.6321588738544933,
    0.09319600058883003,
    0.8193781892035191,
    4.992646866401358,
    0.2510905185663316,
    4.999999999999391
  ],
  "cost": 77.28983489045162,
  "nfev": 350,
  "status": 0,
  "message": "The maximum number of function evaluations is exceeded.",
  "use_logB": true,
  "logbase": "10",
  "min_H_points": 3,
  "globals": {
    "r_C": 0.7,
    "K_M": 1.0,
    "K_C": 1.0,
    "u": 0.05,
    "k_B": 0.08,
    "g": 1.0,
    "K_B": 0.6,
    "n": 2.0,
    "d0": 0.08,
    "chi": 0.4,
    "H_I": 0.5,
    "eta": 6.0,
    "H_on": 0.3,
    "H_off": 0.7,
    "eps": 0.05,
    "k_on": 0.2,
    "k_off": 0.2,
    "p_min": 0.2,
    "alpha": 0.4,
    "beta": 0.4
  },
  "metrics": {
    "n_obs_B": 5.0,
    "RMSE_B": 1.3497685056249216,
    "NRMSE_B": 5.484847363326384,
    "R2_B": -29.083550598988396,
    "n_obs_H": 4.0,
    "RMSE_H": 1.0200388210702134,
    "NRMSE_H": 1.0200388210702134,
    "R2_H": -0.04047919649031062
  }
}