{
  "subject": "P6010",
  "theta_subj_names": [
    "r_M",
    "gamma",
    "sigma_F",
    "sigma_A",
    "p_max",
    "s_B",
    "a_B"
  ],
  "theta_subj": [
    0.2806732985985242,
    1.2098275177355713,
    0.10190795685610336,
    0.0717192432241584,
    0.38361988222111343,
    0.263062184349332,
    4.999997837552357
  ],
  "cost": 17.51570191300557,
  "nfev": 39,
  "status": 3,
  "message": "`xtol` termination condition is satisfied.",
  "use_logB": true,
  "logbase": "10",
  "min_H_points": 3,
  "globals": {
    "r_C": 0.7,
    "K_M": 1.0,
    "K_C": 1.0,
    "u": 0.05,
    "k_B": 0.08,
    "g": 1.0,
    "K_B": 0.6,
    "n": 2.0,
    "d0": 0.08,
    "chi": 0.4,
    "H_I": 0.5,
    "eta": 6.0,
    "H_on": 0.3,
    "H_off": 0.7,
    "eps": 0.05,
    "k_on": 0.2,
    "k_off": 0.2,
    "p_min": 0.2,
    "alpha": 0.4,
    "beta": 0.4
  },
  "metrics": {
    "n_obs_B": 6.0,
    "RMSE_B": 1.6304938305542418,
    "NRMSE_B": 1.787658525630375,
    "R2_B": -2.195723004258966,
    "n_obs_H": 6.0,
    "RMSE_H": 1.6256827181452789,
    "NRMSE_H": 1.6256827181452793,
    "R2_H": -1.6428443000762232
  }
}