{
  "subject": "E5013",
  "theta_subj_names": [
    "r_M",
    "gamma",
    "sigma_F",
    "sigma_A",
    "p_max",
    "s_B",
    "a_B"
  ],
  "theta_subj": [
    1.4782745935112864,
    1.0979181657591826,
    0.4756129654263515,
    0.8462797670025284,
    4.242746579251211,
    0.3097195123055462,
    4.9999999999934
  ],
  "cost": 73.42339292435756,
  "nfev": 39,
  "status": 2,
  "message": "`ftol` termination condition is satisfied.",
  "use_logB": true,
  "logbase": "10",
  "min_H_points": 3,
  "globals": {
    "r_C": 0.7,
    "K_M": 1.0,
    "K_C": 1.0,
    "u": 0.05,
    "k_B": 0.08,
    "g": 1.0,
    "K_B": 0.6,
    "n": 2.0,
    "d0": 0.08,
    "chi": 0.4,
    "H_I": 0.5,
    "eta": 6.0,
    "H_on": 0.3,
    "H_off": 0.7,
    "eps": 0.05,
    "k_on": 0.2,
    "k_off": 0.2,
    "p_min": 0.2,
    "alpha": 0.4,
    "beta": 0.4
  },
  "metrics": {
    "n_obs_B": 5.0,
    "RMSE_B": 1.4213252313146267,
    "NRMSE_B": 5.377560038076381,
    "R2_B": -27.918151963116053,
    "n_obs_H": 3.0,
    "RMSE_H": 0.8671843389450824,
    "NRMSE_H": 0.8671843389450824,
    "R2_H": 0.2479913222883805
  }
}