{
  "subject": "M2071",
  "theta_subj_names": [
    "r_M",
    "gamma",
    "sigma_F",
    "sigma_A",
    "p_max",
    "s_B",
    "a_B"
  ],
  "theta_subj": [
    0.09990087694825828,
    0.09218275911159816,
    0.012139334716009729,
    0.0022762052098696975,
    0.6042621078537791,
    0.28462439942679635,
    4.999999552248319
  ],
  "cost": 290.7804490070827,
  "nfev": 166,
  "status": 2,
  "message": "`ftol` termination condition is satisfied.",
  "use_logB": true,
  "logbase": "10",
  "min_H_points": 3,
  "globals": {
    "r_C": 0.7,
    "K_M": 1.0,
    "K_C": 1.0,
    "u": 0.05,
    "k_B": 0.08,
    "g": 1.0,
    "K_B": 0.6,
    "n": 2.0,
    "d0": 0.08,
    "chi": 0.4,
    "H_I": 0.5,
    "eta": 6.0,
    "H_on": 0.3,
    "H_off": 0.7,
    "eps": 0.05,
    "k_on": 0.2,
    "k_off": 0.2,
    "p_min": 0.2,
    "alpha": 0.4,
    "beta": 0.4
  },
  "metrics": {
    "n_obs_B": 5.0,
    "RMSE_B": 1.6807119025387152,
    "NRMSE_B": 10.637557242911312,
    "R2_B": -112.1576240962149,
    "n_obs_H": 5.0,
    "RMSE_H": 1.776106839865827,
    "NRMSE_H": 1.776106839865827,
    "R2_H": -2.1545555066181734
  }
}