t_days,yB_obs_fitspace,yB_hat_fitspace,yH_obs,yH_hat
0.0,7.246139967489641,7.513548648584433,1.224744871391589,0.5
50.0,6.7037278611551585,5.000055337721312,0.2041241452319314,3.150092194908877
133.0,7.032538582205155,4.999939041848099,,4.631884947756104e-13
183.0,7.007680026189973,4.999939010260252,-1.8371173070873832,1.3207269965132383e-16
252.0,7.056793558640721,4.999939009673269,0.2041241452319314,2.121431043417381e-21
281.0,6.700304882876611,4.999939009756392,0.2041241452319314,7.15134504884149e-19
351.0,6.934770204249283,5.092594623635888,,3.2413406309898716
