t_days,yB_obs_fitspace,yB_hat_fitspace,yH_obs,yH_hat
0.0,6.753707661320213,7.531402305918684,,0.5
56.0,6.6837037497591165,5.354645487893443,,12.298922408025643
125.0,6.66955823286349,5.334238937196155,,12.398092827737631
224.0,6.589734968864781,5.375926597777536,,12.442536352217187
404.0,6.986771734266245,5.3671914241878484,,12.435356931204625
