t_days,yB_obs_fitspace,yB_hat_fitspace,yH_obs,yH_hat
0.0,5.974047214501361,5.974762756486049,-1.940989917661892,0.5
40.0,6.343615942071099,5.000456360580372,0.2156655464068768,5.614873971336804
111.0,6.374545627947321,5.000000071995817,0.2156655464068768,6.203554485554094e-10
182.0,6.725555070605449,4.999999999551024,0.754829412424069,1.288308321421774e-16
273.0,6.600019013339382,4.9999999993030535,0.754829412424069,6.119164708367283e-23
