t_days,yB_obs_fitspace,yB_hat_fitspace,yH_obs,yH_hat
0.0,6.7525968498012805,7.375970594089141,,0.5
41.0,6.49540972702347,5.278395564713366,,11.940332184034478
111.0,6.4049945809606745,5.310961534187549,,12.37794589354939
195.0,6.735715121786368,5.32162968415779,-0.0,12.396679566469242
253.0,6.356774990483832,5.345734207730386,,12.426399863341773
