t_days,yB_obs_fitspace,yB_hat_fitspace,yH_obs,yH_hat
0.0,6.3016664219760745,6.912722346835336,,0.5
53.0,6.653055270710182,5.047608465671416,,4.771942023512635
109.0,6.562887618937854,5.200793291154804,,12.103214139437174
166.0,6.2797415249843525,5.22075851938224,,12.289613870442455
222.0,6.39697967804039,5.238637943260909,,12.34944994417527
322.0,6.618845837542784,5.220741888113228,,12.291546659515856
