t_days,yB_obs_fitspace,yB_hat_fitspace,yH_obs,yH_hat
0.0,6.705846186267144,6.734338062904731,1.0289915108550531,0.5
35.0,6.477555910679424,5.012977843232216,-1.5434872662825796,9.476280322814622
123.0,6.792275745415101,4.999999983838554,0.1714985851425089,6.79729566423865e-12
159.0,6.9690040693441935,4.999999937683648,-0.6859943405700352,5.654396229660988e-15
273.0,7.350424608442052,4.999999934938963,1.0289915108550531,6.773779975614769e-23
