t_days,yB_obs_fitspace,yB_hat_fitspace,yH_obs,yH_hat
0.0,6.767286654399854,7.3653080724232165,,0.5
56.0,6.663840894502152,5.288508753381674,,12.2398082454657
131.0,6.317177766484767,5.313239281864872,,12.398059653237697
278.0,6.955192333665307,5.287300960172843,,12.35020088872556
354.0,6.136771918650333,5.253790122448128,,12.248849197123485
