t_days,yB_obs_fitspace,yB_hat_fitspace,yH_obs,yH_hat
0.0,6.3271307932307,6.494245034029739,-0.0,0.5
28.0,6.183690265006554,5.274669797021845,0.7071067811865476,11.218203229423958
56.0,6.936014519661198,5.00002052886363,0.7071067811865476,1.8315283127445452
113.0,6.899095490023283,5.000000108457568,-0.0,6.210390198476169e-10
154.0,6.97676944150192,5.000000003810785,-2.1213203435596424,1.7464195365699174e-14
210.0,7.211307119596322,4.9999999997655165,,2.242727406492992e-18
280.0,6.6304445548674815,4.999999999719316,0.7071067811865476,3.066749428840375e-23
