t_days,yB_obs_fitspace,yB_hat_fitspace,yH_obs,yH_hat
0.0,6.479338881383164,6.542336741202179,-1.5075567228888185,0.5
111.0,6.5725636548999695,5.018220925879662,-0.3015113445777638,1.198363645250319
230.0,6.684320481463624,5.021658312469461,0.9045340337332908,1.5548158266841845
300.0,6.39397877796134,5.023953793189206,0.9045340337332908,1.9888075711111977
