t_days,yB_obs_fitspace,yB_hat_fitspace,yH_obs,yH_hat
0.0,6.545221238924249,6.6412038368526565,1.0,0.5
49.0,6.14910852288892,5.000061961672449,-1.0000000000000002,2.7333272921589407
91.0,6.613637835206332,5.000005330504751,-1.0000000000000002,6.165442047843801e-06
160.0,6.317893551099576,5.064904229285576,1.0,1.9464470154363172
281.0,6.37423128286974,5.058483027546192,,7.091921673189604
