t_days,yB_obs_fitspace,yB_hat_fitspace,yH_obs,yH_hat
0.0,6.819096381695689,7.636232480068333,,0.5
20.0,6.963781926565225,6.240304078990483,,10.069905777543385
78.0,6.525146044188724,5.338095574230793,,12.360260147267597
154.0,6.551449144022212,5.321714754279874,,12.350234872657108
204.0,6.632649088531937,5.361882332174332,,12.410991278360775
