t_days,yB_obs_fitspace,yB_hat_fitspace,yH_obs,yH_hat
0.0,6.843612510667611,6.8533305608847845,0.0603022689155527,0.5
63.0,6.930469566168562,5.009356447837413,1.025138571564396,1.135161476820527
188.0,6.711297160667105,5.000001376987851,0.5427204202399745,1.2423828113129353e-09
265.0,5.064487939537741,5.000000002908563,-1.6281612607199236,5.543032394997435e-15
