t_days,yB_obs_fitspace,yB_hat_fitspace,yH_obs,yH_hat
0.0,6.7197607277598985,6.836156644499637,-0.4999999999999999,0.5
97.0,6.599435452688469,5.033817095830395,2.0,2.920853078327469
141.0,6.6068594707676755,5.03297651470255,-0.4999999999999999,2.777096126913872
182.0,6.681759547956341,5.03246172005666,-0.4999999999999999,2.689958017266779
265.0,6.767361457704905,5.031877173639199,-0.4999999999999999,2.5920299148674566
