t_days,yB_obs_fitspace,yB_hat_fitspace,yH_obs,yH_hat
0.0,6.524256787952615,6.897140474227541,,0.5
69.0,6.552253065795823,5.197123918186173,,12.16232122764919
160.0,6.835372183528836,5.1435757649187,-0.0,11.57720215993152
312.0,6.5183275480714595,5.143577689872688,,11.576975848372435
