t_days,yB_obs_fitspace,yB_hat_fitspace,yH_obs,yH_hat
0.0,6.808983033251583,6.809108205620163,-1.5205262246998568,0.5
50.0,7.366080579573016,5.000068260792766,0.0894427190999916,2.9345331819612817
97.0,7.092020297877842,4.999998245181033,0.0894427190999916,9.28569994430928e-07
167.0,6.438104036084325,4.999997839059715,1.1627553482998907,1.6063416255401042e-15
266.0,4.599719362397098,4.999997837552905,-0.9838699100999072,2.1213430162929224e-22
321.0,6.936003498701431,4.999997837552364,1.1627553482998907,3.1975655626381976e-26
