t_days,yB_obs_fitspace,yB_hat_fitspace,yH_obs,yH_hat
0.0,6.367633184513996,6.5999644924804794,,0.5
30.0,6.39353554466983,5.1138491966017785,,11.332579162418185
71.0,6.250184004061991,5.049658917836501,,5.701633561150164
99.0,6.38781163463537,5.043913975314731,,5.379699229445376
155.0,6.482778285515824,5.030767136454928,,3.449365432077678
240.0,6.603164841378985,5.020920648271915,0.7071067811865475,1.6153096890495444
297.0,6.610535072523588,5.015908041225354,0.7071067811865475,0.8642774947045603
323.0,7.062402024948664,5.00183814939712,-1.414213562373095,0.0027713746157242204
