t_days,yB_obs_fitspace,yB_hat_fitspace,yH_obs,yH_hat
0.0,6.826516391731912,6.888743128261612,,0.5
57.0,6.430637402740287,5.021145830474334,1.0,2.2553365694600807
113.0,6.623842730763054,5.0242936581218975,1.0,1.4638796994050731
196.0,6.885195783400523,5.015230836221534,-1.0,0.14658056473563041
252.0,6.461799757231966,5.000200862356179,-1.0,2.517289337465898e-05
