t_days,yB_obs_fitspace,yB_hat_fitspace,yH_obs,yH_hat
0.0,7.29989522297401,7.411979700331187,-1.3887301496588271,0.5
61.0,6.575750215426851,5.0268127402475296,0.4629100498862757,1.9308162019720894
118.0,6.617015866346614,5.03092897038786,0.9258200997725516,1.538333516097622
214.0,6.977463407821717,5.030633537052694,,1.4932487007778217
292.0,6.722137984447866,5.0305897754352555,,1.4869586294750174
347.0,7.267488436588996,5.030581515238425,,1.4857480196530721
