t_days,yB_obs_fitspace,yB_hat_fitspace,yH_obs,yH_hat
0.0,6.423169660859773,6.474146954026418,-0.0,0.5
111.0,6.378707611448064,5.019344670420749,-0.0,1.403972411650232
169.0,6.31195232005994,5.0186645141481,,1.2779983855166586
237.0,6.622139906724799,5.015378451984261,-0.0,0.779313775072383
