t_days,yB_obs_fitspace,yB_hat_fitspace,yH_obs,yH_hat
0.0,6.9406708511757325,7.38912812922155,0.962250448649376,0.5
25.0,6.829047946302031,5.724463243734405,-0.5773502691896257,10.87097000803127
81.0,6.622060282459858,5.2272299555059165,,12.141339546502001
152.0,6.872167873211065,4.99999922123824,,2.6949228758647793e-07
221.0,6.9472729639654895,4.999998634286111,-1.3471506281091266,2.2792867914332977e-15
305.0,6.978951059594847,4.999998631928258,0.962250448649376,3.318030333354178e-21
