t_days,yB_obs_fitspace,yB_hat_fitspace,yH_obs,yH_hat
0.0,6.351889222066283,6.839236125791286,,0.5
39.0,6.364728616423743,5.238736437546162,,11.900260589195565
109.0,6.705633851550172,5.24565675981876,,12.377848043809689
188.0,5.046877393739318,5.216364507935539,,12.291690966416262
235.0,6.540154971002672,5.233914321550105,,12.348674307112672
