t_days,yB_obs_fitspace,yB_hat_fitspace,yH_obs,yH_hat
0.0,6.865014736620899,6.865871141484299,1.1832159566199232,0.5
44.0,7.171654240708775,5.000324956611874,-1.5212776585113297,4.675580077060943
98.0,4.607304870773328,4.99997700142801,-0.1690308509457033,5.148321556325856e-07
168.0,7.001917340752776,4.999976617629045,0.5070925528371099,1.3300083369301827e-15
239.0,6.790834828538165,4.999976616209402,,1.549770634302819e-20
295.0,6.789148035282553,4.999976616204594,,1.9906223217806806e-24
