t_days,yB_obs_fitspace,yB_hat_fitspace,yH_obs,yH_hat
0.0,6.70528720569292,6.870516755744092,-1.3728129459672882,0.5
90.0,6.5179879936089735,5.162586827073916,,11.969552199356524
144.0,6.783500026551208,5.030706914551759,0.392232270276368,3.092135845832417
215.0,6.905506668049989,5.018504587428232,0.9805806756909202,1.0118060325284053
