t_days,yB_obs_fitspace,yB_hat_fitspace,yH_obs,yH_hat
0.0,6.780240745684011,6.850761639234105,,0.5
49.0,6.748618153236887,5.020202000027957,-0.0,3.6216405160659058
112.0,6.579742450980016,5.029935229111402,-0.0,2.288595254440528
218.0,6.673718721246,5.029936052799929,-0.0,2.2882501881111708
