t_days,yB_obs_fitspace,yB_hat_fitspace,yH_obs,yH_hat
0.0,7.241463623051869,7.241690131749474,1.2247448713915887,0.5
55.0,6.596981852984141,5.000031431022594,-0.8164965809277264,1.9398387908757637
113.0,6.792092133161897,5.000000126035235,1.2247448713915887,5.323471188633933e-10
188.0,6.632203018824487,4.999999986439395,,5.4657174278034506e-17
293.0,6.865878910279579,4.99999998609259,-0.8164965809277264,2.7637571274264944e-24
321.0,6.934949882801005,4.9999999860925195,-0.8164965809277264,3.1322801388553697e-26
