t_days,yB_obs_fitspace,yB_hat_fitspace,yH_obs,yH_hat
0.0,6.982431168720723,6.982448615546213,-1.9364916731037087,0.5
56.0,6.458814250049524,5.000020966126825,0.6454972243679028,1.6313265628384876
113.0,5.913511859783045,4.999999737966212,-3.4738303358267645e-17,3.2044617993932155e-10
238.0,6.521354392198251,4.999999612816728,0.6454972243679028,1.70922604847367e-20
280.0,6.763295962948717,4.999999612811243,0.6454972243679028,2.062246544197918e-23
