t_days,yB_obs_fitspace,yB_hat_fitspace,yH_obs,yH_hat
0.0,6.66945365713763,6.756255970184953,-1.632993161855452,0.5
69.0,6.847618862162598,5.021348929405589,0.816496580927726,1.5862432541344427
139.0,7.023874763040669,5.021640905335312,,1.4057285016531897
217.0,6.577137556039043,5.020899692401956,-0.0,1.287617639590427
265.0,6.887584445728081,5.020036801715785,0.816496580927726,1.1643011936154515
