t_days,yB_obs_fitspace,yB_hat_fitspace,yH_obs,yH_hat
0.0,6.808013976042045,7.509455780657603,,0.5
72.0,6.85097259906709,5.2714043048247765,,12.24981260820971
141.0,6.894894883819396,5.325296046894889,,12.397812240801304
221.0,6.629000496813901,5.332796350955427,,12.408700533504774
339.0,6.483118662251269,5.341046651412141,,12.41876583508451
