t_days,yB_obs_fitspace,yB_hat_fitspace,yH_obs,yH_hat
0.0,6.760173899340225,7.507704665635414,-1.0,0.5
30.0,7.142184692432608,5.373258343175086,,11.403932399662766
114.0,7.083491081490263,5.22679990934842,1.0,12.079243152419119
174.0,6.682988107147135,5.271740031595164,,12.2896893758212
266.0,6.910110683997957,5.246252977327945,,12.191344892975163
