t_days,yB_obs_fitspace,yB_hat_fitspace,yH_obs,yH_hat
0.0,6.669259776852384,7.031143800097341,,0.5
63.0,6.8624860673459676,5.129911038747349,,11.06025272998387
106.0,6.298094034930636,5.194430116192898,-1.0000000000000002,12.05878982040959
197.0,6.5119144954364625,5.230506018259915,1.0,12.291376740345997
