t_days,yB_obs_fitspace,yB_hat_fitspace,yH_obs,yH_hat
0.0,6.19285642224795,6.666742991445043,-1.0,0.5
56.0,6.833441643515618,5.202351989438903,,12.188594438066389
126.0,5.618510400350703,5.243000375486999,,12.407900089432843
266.0,6.258954627877765,5.201515641116097,1.0,12.291529095152319
322.0,5.9729379237427915,5.201516504469556,,12.291527679854408
