t_days,yB_obs_fitspace,yB_hat_fitspace,yH_obs,yH_hat
0.0,6.7885853482397955,7.424766490687748,,0.5
42.0,6.92310339432281,5.298434836808401,,12.007203859812583
99.0,6.706299924898842,5.290706416584725,,12.347007345579774
198.0,6.752150821637422,5.316909725772367,,12.398418162197212
252.0,6.1951138924925555,5.190547488566883,,11.769928874852951
