t_days,yB_obs_fitspace,yB_hat_fitspace,yH_obs,yH_hat
0.0,6.488051696283317,6.598040909538925,1.0690449676496974,0.5
56.0,6.613841399204835,5.00001785233763,-0.2672612419124247,1.6880299620531205
120.0,6.04150124520926,4.99999998583,1.0690449676496974,1.7934289421695733e-11
217.0,6.808173417998505,4.999999927718688,-1.6035674514745464,5.151029786874776e-19
253.0,6.895784086563655,5.097930954819849,-0.2672612419124247,0.9384326892457823
