t_days,yB_obs_fitspace,yB_hat_fitspace,yH_obs,yH_hat
0.0,7.067763091217763,7.29975656182922,1.0690449676496976,0.5
29.0,7.010596609058712,5.310305917231107,1.0690449676496976,11.312387893423976
149.0,6.339009368958593,5.003741386268387,-1.6035674514745464,0.0061703535012774865
240.0,6.792768941514174,4.999985327046333,-0.2672612419124244,2.9381159205302747e-09
309.0,6.4016410595236675,4.999982713887276,-0.2672612419124244,4.714741047520396e-14
