t_days,yB_obs_fitspace,yB_hat_fitspace,yH_obs,yH_hat
0.0,7.0029555004972535,7.783319487095193,,0.5
50.0,6.830285775795204,5.290723656557159,,12.097954442595613
140.0,6.999665638287831,5.076930303666959,,5.7469118670671895
197.0,6.942472326151126,5.401924125370558,,12.36706953781077
237.0,6.540434218493432,5.385179421907524,,12.427422684237625
279.0,6.7936829847700615,5.356480584240576,,12.399631163181269
