t_days,yB_obs_fitspace,yB_hat_fitspace,yH_obs,yH_hat
0.0,5.887945709783869,6.114835261354625,,0.5
197.0,5.373016883463729,5.13976068819941,,12.291526752641005
244.0,6.117822599037838,5.102211638379844,,11.84561292082015
253.0,6.043260079060333,5.127218160312418,,11.984175695745407
