t_days,yB_obs_fitspace,yB_hat_fitspace,yH_obs,yH_hat
0.0,7.12932690490543,7.557434394860766,,0.5
67.0,7.198388813526157,5.067050132322786,,5.0182067362345055
172.0,6.927930170099942,5.230710230896605,,12.07845202094417
251.0,6.814602280107971,5.168330862034796,,11.319938371862307
306.0,6.851062933412477,5.168337632084969,,11.319223528257245
