t_days,yB_obs_fitspace,yB_hat_fitspace,yH_obs,yH_hat
0.0,6.69995750874306,6.7065077424062745,1.4142135623730951,0.5
36.0,6.898300549912434,5.005901337737283,-1.7677669529663689,8.335036304566998
133.0,6.413673699959056,5.000000021893049,0.3535533905932738,3.888888833616973e-13
162.0,6.390783783844529,5.000000002149022,0.3535533905932738,3.3952899017659716e-15
247.0,6.5680572090775,4.9999999999996385,-0.7071067811865475,4.2117681063702e-21
301.0,6.642205251171766,4.999999999997274,0.3535533905932738,7.450066134958477e-25
