t_days,yB_obs_fitspace,yB_hat_fitspace,yH_obs,yH_hat
0.0,6.804313319846279,6.944644133800424,1.0690449676496976,0.5
83.0,6.92041110761264,5.026087531362246,-0.2672612419124244,1.6487670202612816
111.0,6.674276331869051,5.0239361831771445,-0.2672612419124244,1.48995231236481
244.0,6.832318611715705,5.023554009881951,-1.6035674514745464,1.3302603824923296
405.0,7.150053388270558,5.023893479758928,1.0690449676496976,1.3565442228498297
