t_days,yB_obs_fitspace,yB_hat_fitspace,yH_obs,yH_hat
0.0,4.651956069533075,5.321985552375428,-1.7131723058681212,0.5
55.0,6.750933224758932,4.999997824620867,0.4508348173337161,1.7245732323687633
125.0,6.409399136828834,4.999993838205151,0.811502671200689,2.274472184135199e-12
176.0,6.439830346957942,4.999993830520117,0.4508348173337161,3.4185286222128923e-16
223.0,6.585268469348785,4.999993830391025,,1.8532953343690902e-19
