t_days,yB_obs_fitspace,yB_hat_fitspace,yH_obs,yH_hat
0.0,4.608012278215345,5.329344371897067,-0.0,0.5
127.0,6.551835324331638,5.042286510164437,,12.376294133040437
239.0,6.8609651539869745,5.027393282506481,,11.834820460706904
281.0,6.619320544998335,5.0426631314214525,,12.360379366838949
