t_days,yB_obs_fitspace,yB_hat_fitspace,yH_obs,yH_hat
0.0,7.116279043314777,7.719924377736741,,0.5
41.0,7.257361568193453,5.1998159336041585,,11.597533965306969
76.0,6.576926849713555,5.157156155428206,,10.754095285904814
179.0,6.879414398276027,5.220635096504505,,11.834610656513178
250.0,6.564477039937522,5.296233514846156,,12.274257618239604
278.0,6.373487613604304,5.233219062254452,,11.9936733889693
