t_days,yB_obs_fitspace,yB_hat_fitspace,yH_obs,yH_hat
0.0,6.587925478195057,6.664582553143332,0.2425356250363328,0.5
56.0,6.695712334170685,5.013878096811876,,2.218881920664808
98.0,6.919559787368438,5.024425770071665,1.697749375254331,1.800629920556419
168.0,6.808361835345529,5.017776027314197,-1.2126781251816652,1.0899944669770492
183.0,6.842967758926544,5.019027371855409,0.2425356250363328,0.9337470068845751
238.0,6.954116352698154,5.013888645239628,-1.2126781251816652,0.27192881319533135
322.0,6.6173448077057975,5.000019614192551,0.2425356250363328,3.1493125810871905e-07
