t_days,yB_obs_fitspace,yB_hat_fitspace,yH_obs,yH_hat
0.0,6.879221846788958,6.880217083259786,0.8944271909999159,0.5
41.0,6.890040942678572,5.000940564201333,0.8944271909999159,5.871137981603725
97.0,6.79147253492845,5.000000423750545,0.8944271909999159,7.916492969063887e-07
181.0,6.687340131377046,5.000000000509003,-1.7888543819998317,1.6670468648529775e-16
258.0,6.785313246068651,4.999999999998808,-0.4472135954999579,7.4377189040817675e-22
314.0,6.363044582498637,4.9999999999977405,-0.4472135954999579,9.553471298193629e-26
