t_days,yB_obs_fitspace,yB_hat_fitspace,yH_obs,yH_hat
0.0,6.548975780375527,7.415008569090298,,0.5
56.0,6.6090282838032035,5.212402666063645,,9.267993826135124
112.0,6.945657624574123,5.2742153873433875,,12.286526911144843
182.0,6.843685280257356,5.246642991341009,,12.221274912224034
224.0,6.772763112867114,5.302436317177586,,12.375446775265608
315.0,7.110040704742203,5.286441111653727,,12.349590132090027
