t_days,yB_obs_fitspace,yB_hat_fitspace,yH_obs,yH_hat
0.0,6.798658999837459,6.9073271179534945,-0.9045340337332908,0.5
84.0,6.875517149050689,5.020063525445963,-0.9045340337332908,1.0446122814280117
112.0,6.825073085708816,5.026305710105653,0.3015113445777636,1.220819986517541
289.0,6.883515453613388,5.041105657392837,,3.8874482668027506
310.0,6.494854885751052,5.032048288117772,1.507556722888818,3.0627236273230087
