t_days,yB_obs_fitspace,yB_hat_fitspace,yH_obs,yH_hat
0.0,6.522564984492845,7.087922087783709,,0.5
69.0,6.399821287321594,5.202027755703999,,12.069655756418916
149.0,6.750667504159505,5.149137813502335,,11.392957572830678
222.0,6.454751286134791,5.169893493753669,,11.760970974900548
274.0,6.554713457269954,5.204539320396391,,12.106971585922157
359.0,6.5252534775292546,5.149138477590558,,11.39274031043984
