t_days,yB_obs_fitspace,yB_hat_fitspace,yH_obs,yH_hat
0.0,6.553617880514103,7.352285239787859,,0.5
56.0,6.43638133003734,5.30193787814523,,12.26160524446381
111.0,6.796917678600267,5.287764862071857,,12.349229522586283
154.0,5.979366697822183,5.328976601114876,,12.416220359702791
251.0,6.6663166983283295,5.266171787954734,,12.291494240223258
329.0,6.903466302935057,5.32895194752094,,12.41846350824215
