t_days,yB_obs_fitspace,yB_hat_fitspace,yH_obs,yH_hat
0.0,6.210374442009211,6.946261811543862,1.0,0.5
56.0,6.143775242994352,5.227903114836352,,12.189832057756275
126.0,6.561318834377273,5.256387568473175,,12.375978266878358
226.0,5.932260116366946,5.257684339812082,,12.379454505837153
273.0,6.774781184551961,5.245360859118647,-1.0,12.3509777204896
323.0,6.576499487545039,5.257689753883053,,12.378865393192838
