t_days,yB_obs_fitspace,yB_hat_fitspace,yH_obs,yH_hat
0.0,6.668866170870602,6.800762360622139,-1.358732440973515,0.5
41.0,5.9804528951351115,5.010936889855678,1.019049330730136,5.9137736777555805
83.0,6.723287914946069,5.024500931729213,,1.6089106504144726
111.0,6.663435274496461,5.02403713806311,,1.5803966940621628
167.0,6.608072354747518,5.023374760541184,,1.4874221511757035
181.0,6.550237161191884,5.023207076812655,,1.464619493158313
237.0,6.891388746286019,5.022418381142162,,1.3600819574178922
322.0,6.96418219533092,5.0161717201805915,0.3396831102433787,0.515701012051231
