t_days,yB_obs_fitspace,yB_hat_fitspace,yH_obs,yH_hat
0.0,5.5927705904743075,5.7215416247414295,,0.5
139.0,5.2202205714402545,5.1120650087290915,,12.376509404556401
173.0,5.119757216540153,5.02593007229367,,6.932177941156606
264.0,5.888927207263344,5.0992279857626395,,12.287891384992353
