t_days,yB_obs_fitspace,yB_hat_fitspace,yH_obs,yH_hat
0.0,6.253225781929926,6.262049086885719,-1.260252075625209,0.5
55.0,6.321979539374138,5.000016225226591,-0.7001400420140049,1.6895113577389855
111.0,6.0686377382708425,5.000000096505063,0.9801960588196068,4.932898110864335e-10
223.0,6.874471960436477,5.060816605924202,0.9801960588196068,1.6975856272167267
