t_days,yB_obs_fitspace,yB_hat_fitspace,yH_obs,yH_hat
0.0,6.17321162580616,6.194166446747143,-1.556540648986177,0.5
56.0,6.311528393110354,5.006694490686327,-0.5734623443633284,1.8257577373728167
112.0,6.343305375049707,5.01584263158393,0.9011551125709444,1.0117598622424706
182.0,6.464625895091882,5.015695476320626,0.4096159602595201,1.2986055914475456
224.0,6.5272513713874005,5.017185246505743,-0.5734623443633284,1.5826501591888615
288.0,6.530752655138254,5.018388267226756,1.3926942648823688,1.885031567761697
