t_days,yB_obs_fitspace,yB_hat_fitspace,yH_obs,yH_hat
0.0,7.094731766862082,7.126180595768355,,0.5
78.0,6.689413556767257,5.024827247195286,0.9918365981341756,1.29112930382011
128.0,6.904110464893568,5.0136778853225215,-1.172170525067662,0.0946115125385391
210.0,6.521254490417958,5.000017888245383,0.9918365981341756,2.0159117663721733e-07
269.0,6.178433883601296,4.999997668905185,-0.811502671200689,1.6022544367453876e-11
