t_days,yB_obs_fitspace,yB_hat_fitspace,yH_obs,yH_hat
0.0,6.850695603512736,6.937548204441363,-0.9045340337332908,0.5
57.0,6.2704275013703565,5.021839181785919,-0.9045340337332908,2.0773791903197254
112.0,6.367121748947671,5.026431228833564,0.3015113445777636,1.5031233354941864
210.0,6.539330576016648,5.025897405576899,,1.4195228418439356
239.0,6.379530857209723,5.0258229697977805,,1.4084833543581154
323.0,6.23672565001552,5.02572078351372,1.507556722888818,1.3922911392506463
