t_days,yB_obs_fitspace,yB_hat_fitspace,yH_obs,yH_hat
0.0,6.528406039907132,6.528984003058705,-0.5000000000000001,0.5
44.0,6.495086908132671,5.000217995775719,0.75,4.229047585656719
120.0,6.327746867061105,5.000000055221274,-1.7500000000000002,1.4593066329450914e-11
183.0,6.339161947695267,5.000000000331778,0.75,1.1293155797847311e-16
288.0,6.727351964235007,4.999999999974203,0.75,5.7104194879409584e-24
