t_days,yB_obs_fitspace,yB_hat_fitspace,yH_obs,yH_hat
0.0,6.934531123099449,7.706744320396266,,0.5
60.0,6.929327152148991,5.356706538416064,-0.0,12.325137202324468
130.0,6.883474165607082,5.330357944768636,-0.0,12.376504542911333
186.0,6.94990636360248,5.3303562635190485,,12.376644640557062
229.0,6.8242669729645735,5.31982376877794,,12.358253041449315
