t_days,yB_obs_fitspace,yB_hat_fitspace,yH_obs,yH_hat
0.0,6.154698401894136,6.1948295675749865,-0.0053727263791015,0.5
70.0,6.981747411457743,5.015138559081642,1.5501694981585856,1.606806756515502
120.0,6.540017596968182,5.011833045627908,0.7723983858897419,0.8814627488233632
191.0,6.156757465801168,5.000081913589761,-0.0053727263791015,9.85098789612743e-06
259.0,6.543778335364922,5.000000355644364,-1.5609149509167883,1.8550241791023166e-10
366.0,6.8477924650898885,5.000000000068147,-0.7509074803733355,6.811269192893358e-18
