t_days,yB_obs_fitspace,yB_hat_fitspace,yH_obs,yH_hat
0.0,6.710905321876078,6.793489642738406,,0.5
42.0,6.9679628848640816,5.0112474202209505,0.229415733870562,5.9073485178833
84.0,6.808268920017025,5.02297146634675,0.229415733870562,1.546488918921032
199.0,7.001273523540634,5.02131735843487,1.1470786693528086,1.30027880637868
280.0,6.868959085042065,5.01326405699695,-1.6059101370939324,0.29126724426465456
