t_days,yB_obs_fitspace,yB_hat_fitspace,yH_obs,yH_hat
0.0,4.512964409862515,5.33062667148262,-1.0,0.5
43.0,6.6537241007686045,5.038481636976435,,12.002757713484133
113.0,4.2637070646074315,5.03485853101927,1.0000000000000002,12.22155374969419
183.0,6.567022717599307,5.0404718324958875,,12.34969620117565
254.0,7.315193606893412,5.036777141147618,,12.276031217704407
309.0,7.0797540644520085,5.0339266139781955,,12.192393550019688
