t_days,yB_obs_fitspace,yB_hat_fitspace,yH_obs,yH_hat
0.0,6.711006208333441,7.467773962429976,,0.5
28.0,6.747714154928967,5.481245136621595,,11.217713963218344
106.0,6.736033375946269,5.334811402645693,,12.410167739364706
190.0,6.711021499796225,5.275324760708069,,12.291677769448652
281.0,6.667597413498431,5.284619077305907,,12.318484417770959
