t_days,yB_obs_fitspace,yB_hat_fitspace,yH_obs,yH_hat
0.0,6.998965930763451,7.648700312609714,1.0,0.5
57.0,6.939995517254093,5.302684807323137,,12.235945464980812
127.0,6.96290403633797,5.209083695539879,-1.0,11.836134559093045
196.0,6.7171606982638155,5.285782266137897,,12.289724913713163
246.0,6.859450720740893,5.285762523282423,,12.291498783359831
