t_days,yB_obs_fitspace,yB_hat_fitspace,yH_obs,yH_hat
0.0,6.749313329380977,6.99083005269771,0.8528028654224418,0.5
27.0,6.5208415634354555,5.40774466313523,0.4264014327112209,11.111274821267353
88.0,6.857863518886729,5.010769504834944,-1.7056057308448835,0.06260170604764521
195.0,6.68980122439439,5.0000198554418125,0.4264014327112209,1.3751625295793014e-06
