t_days,yB_obs_fitspace,yB_hat_fitspace,yH_obs,yH_hat
0.0,6.7209440465791825,7.300387146239877,,0.5
77.0,6.643614815723613,5.31193063951481,1.4142135623730954,12.390165427177275
133.0,6.783199208458424,5.303766785043995,-0.7071067811865472,12.400870519381742
211.0,6.7174673687541775,5.339815956558419,-0.7071067811865472,12.442464183212842
