t_days,yB_obs_fitspace,yB_hat_fitspace,yH_obs,yH_hat
0.0,6.403611871340012,6.7394674217458315,-0.0,0.5
55.0,6.064692669463578,5.160027152569247,,9.268560754822953
83.0,6.43742265767982,5.148909856881391,-0.0,11.54882852637997
154.0,5.42079050849439,5.053056803788194,,5.828926560096002
237.0,6.47365685910926,5.136620779119814,,11.556225268721503
286.0,6.047394817365327,5.053611543488876,,6.128590668191122
