t_days,yB_obs_fitspace,yB_hat_fitspace,yH_obs,yH_hat
0.0,6.902753658579222,7.065776651180235,0.9045340337332908,0.5
31.0,7.155610103158959,5.169567946179413,-0.3015113445777634,11.479916085737642
225.0,6.8722650367792495,5.000000000016595,-1.5075567228888185,1.5537240853481466e-19
347.0,7.103711107187414,5.0,0.9045340337332908,5.175420140706365e-28
