t_days,yB_obs_fitspace,yB_hat_fitspace,yH_obs,yH_hat
0.0,6.779570952259977,7.61415491279365,,0.5
39.0,6.82279081909701,5.2937575800895935,,11.884200310916242
104.0,6.653599249659993,5.327728957893008,,12.37853418275679
200.0,6.4968680956081855,5.297480671060174,,12.318531861121611
264.0,6.92242020308821,5.287766960346215,,12.291699599791448
361.0,6.923967205756781,5.287768787284006,,12.291527721191349
