t_days,yB_obs_fitspace,yB_hat_fitspace,yH_obs,yH_hat
0.0,6.322358660218275,7.049362293139865,,0.5
57.0,6.840643859769434,5.1974156706558565,,12.015554910398082
126.0,6.528603715612556,5.213748410250821,,12.190652562256766
168.0,6.22106849052912,5.255020159512532,,12.3440197518051
253.0,6.482277162227746,5.21380845411685,,12.19145183668985
322.0,6.748837354467692,5.243812662823538,,12.317970428647175
