t_days,yB_obs_fitspace,yB_hat_fitspace,yH_obs,yH_hat
0.0,7.066437560109456,7.843296637707233,,0.5
57.0,6.991601622315441,5.302357485266403,,12.201572874273912
125.0,6.953355933906802,5.343081289690041,,12.38032371664337
169.0,7.330401190803425,5.280450420392609,,12.227474237637496
239.0,7.162528920764881,5.307693395666527,,12.308708265140979
