t_days,yB_obs_fitspace,yB_hat_fitspace,yH_obs,yH_hat
0.0,6.679898006627303,7.791377727195098,-0.0,0.5
28.0,6.630984066591688,5.490573749319103,-0.0,11.216926489399794
56.0,6.673709147019081,5.315262455917704,,12.190020915984904
70.0,6.7917343569114665,5.325099486654931,-0.0,12.275786434665175
98.0,6.580242677449012,5.3313943289049215,,12.327531126678716
140.0,6.6388502202717214,5.313958011594057,-0.0,12.293006650725298
264.0,6.391891443209761,5.339420831423679,,12.350197818933106
318.0,6.750379167233107,5.313964045211743,,12.292393285162339
