t_days,yB_obs_fitspace,yB_hat_fitspace,yH_obs,yH_hat
0.0,7.041492442987005,7.071671266113309,1.1624763874381927,0.5
54.0,6.350040515602717,5.042276553784572,,4.128637079508354
118.0,6.688862612169404,5.0362435982352665,,3.0372899374775484
152.0,6.9013299757701025,5.003077811460593,-1.2787240261820123,0.06427171309264477
279.0,6.43358263905905,5.00000011958557,0.1162476387438192,7.294379538757211e-12
