t_days,yB_obs_fitspace,yB_hat_fitspace,yH_obs,yH_hat
0.0,6.170373502491631,6.188433235956369,-1.8864844365675968,0.5
70.0,6.706209044242702,5.010367444428356,0.6859943405700352,1.0098529148467719
112.0,7.253035105343235,5.01646323477689,0.6859943405700352,0.7381544987521531
196.0,6.777110375438159,5.0001035182325255,,1.5921581710170104e-05
259.0,6.0616281217144445,5.000000670584837,0.6859943405700352,6.672487087503534e-10
322.0,6.285432403256238,5.0000000043412145,-0.171498585142509,2.7964004551603257e-14
