t_days,yB_obs_fitspace,yB_hat_fitspace,yH_obs,yH_hat
0.0,6.509104089021906,7.198989968394497,,0.5
42.0,7.009662509676659,5.247631094049893,,11.973069942331026
112.0,6.809617482059112,5.286601722452554,,12.39521294706116
153.0,6.746637934788022,5.208146533095634,,12.124792061042278
237.0,6.490235833336842,5.263824218632381,,12.349919952551122
