t_days,yB_obs_fitspace,yB_hat_fitspace,yH_obs,yH_hat
0.0,6.776601095901554,7.984683698076093,,0.5
29.0,6.692376428423026,5.528244948753191,,11.317136345499373
134.0,6.927254330337854,5.386872091990913,,12.398229218744042
211.0,7.033114693273267,5.395798566608083,,12.40869593344908
266.0,6.8083452930097685,5.386870352558421,,12.398580339328486
322.0,7.068811240744895,5.388967208006002,,12.400927631035183
357.0,6.768926252873543,5.395805690034958,,12.408171308076483
