t_days,yB_obs_fitspace,yB_hat_fitspace,yH_obs,yH_hat
0.0,6.740821141368095,6.9269967011191165,0.4833682445228318,0.5
28.0,6.510100569318592,5.295329379874838,0.7733891912365309,11.246461667964052
84.0,6.7120538214202865,5.000001206967351,0.7733891912365309,0.00025533191823376
168.0,6.892417475243521,5.000000001456218,0.1933472978091326,1.2641928893880264e-15
224.0,6.669294374787131,5.000000000016503,-2.12682027590046,1.6238034276978634e-19
260.0,7.092747094447257,5.0000000000009255,-0.0966736489045664,5.116785815509178e-22
