t_days,yB_obs_fitspace,yB_hat_fitspace,yH_obs,yH_hat
0.0,6.848393895535335,6.915510529321204,0.7071067811865476,0.5
63.0,6.555329194480548,5.014965399550257,0.7071067811865476,1.3430812459925725
158.0,6.7351665455821665,5.024008972809736,-1.4142135623730951,1.0412591652802778
276.0,6.548602029094276,5.031453882591404,,2.3143524806348688
