t_days,yB_obs_fitspace,yB_hat_fitspace,yH_obs,yH_hat
0.0,6.660983233598542,6.670960079042098,,0.5
111.0,6.834533491144599,5.008992556416024,-0.904534033733291,0.08546795421073378
167.0,6.654811534037608,5.000106689748395,0.3015113445777635,8.841633843744984e-06
237.0,6.249044186072556,5.000000394714798,1.507556722888818,1.2090067246149595e-10
266.0,6.215943021674207,5.000000038789552,-0.904534033733291,1.167622137559908e-12
