t_days,yB_obs_fitspace,yB_hat_fitspace,yH_obs,yH_hat
0.0,7.041468206350039,7.972669865671491,,0.5
57.0,6.960124059806381,5.364833257054779,,12.271654529883184
99.0,7.023040735784215,5.347866481878456,,12.34789291865226
176.0,6.870162283721193,5.363433272004851,,12.376581390432287
261.0,6.821275551064714,5.347835363650283,,12.350231492240736
331.0,6.7798812142865135,5.39125112350421,,12.412013699002575
