t_days,yB_obs_fitspace,yB_hat_fitspace,yH_obs,yH_hat
0.0,6.638584092520742,6.638655147057383,-0.0,0.5
54.0,6.664285745623403,5.000025686457181,-0.0,1.9841050027149323
127.0,7.516323172182247,5.000000010349412,-1.5811388300841898,1.5126057064990776e-12
182.0,5.98824984682184,4.999999977119788,-0.0,1.3698876377016714e-16
266.0,6.4474919994409605,4.999999976707243,1.5811388300841898,1.9941925582788017e-22
