t_days,yB_obs_fitspace,yB_hat_fitspace,yH_obs,yH_hat
0.0,6.994605134773769,7.489292276963307,-0.0,0.5
43.0,6.0257964228125696,5.279048749385325,,11.928168168346078
114.0,5.889367262015018,5.304004343977835,,12.29043599712926
170.0,6.072312775666403,5.3433785365358855,,12.375570894937844
281.0,6.183053924300832,5.3324263060385855,-0.0,12.357552063308788
323.0,6.3304681582247655,5.303962717933152,,12.294154704559055
