t_days,yB_obs_fitspace,yB_hat_fitspace,yH_obs,yH_hat
0.0,6.399737736268233,7.062026382050583,,0.5
69.0,6.342152347091133,5.27288831589273,,12.336268675760916
154.0,6.257585947494746,5.298117663236913,,12.41867462141504
209.0,6.966474110762857,5.272489230534515,,12.377233256526276
279.0,6.4697279331868165,5.272494917373684,,12.376648057602292
