t_days,yB_obs_fitspace,yB_hat_fitspace,yH_obs,yH_hat
0.0,6.8811910358391515,6.894009170114902,,0.5
85.0,6.200782668467271,5.0205430893562975,1.0,1.0904809575725067
154.0,5.888541723075069,5.004014670389046,-1.0000000000000002,0.010489689916143042
231.0,6.768585938386027,5.000008577546262,-1.0000000000000002,4.615147638409393e-08
247.0,6.878260853203437,5.000002372968183,1.0,3.567727681362395e-09
