t_days,yB_obs_fitspace,yB_hat_fitspace,yH_obs,yH_hat
0.0,4.275403502745404,4.6113034208368555,-1.3887301496588271,0.5
56.0,4.379468687525911,4.389425457585798,0.4629100498862757,0.728017808739342
148.0,4.318564155101179,4.389424660058208,0.9258200997725514,1.0350551017638808e-08
189.0,4.544489725634931,4.389484405819556,,3.379528908802822e-05
254.0,4.581323750724732,4.402958531518944,,3.4698938592013495
350.0,4.488846725473783,4.3990439882534424,,5.791102534349207
