t_days,yB_obs_fitspace,yB_hat_fitspace,yH_obs,yH_hat
0.0,7.173659653632057,7.839316897955763,,0.5
56.0,6.049121458966056,5.378080958297692,,12.27908474710707
98.0,6.629849074344955,5.360926499405198,,12.373648532829062
139.0,7.073006477163899,5.413677424862159,,12.432751491447158
237.0,6.654824034033767,5.388444752844539,,12.412274400568688
