t_days,yB_obs_fitspace,yB_hat_fitspace,yH_obs,yH_hat
0.0,6.455735697064647,7.476637898726039,,0.5
72.0,6.915487318533018,5.275118674532402,,12.290636130390318
148.0,7.154108013209395,5.2874021317184585,,12.35006833606041
186.0,6.704273492311104,5.328565186529618,,12.415039436375599
254.0,7.19828442338808,5.300286676803728,,12.376832882742358
325.0,7.027495123018744,5.300288682104641,,12.37664669314171
