t_days,yB_obs_fitspace,yB_hat_fitspace,yH_obs,yH_hat
0.0,7.229872767075241,7.328069960229657,-0.2672612419124243,0.5
43.0,7.257302087162149,5.012559841584826,-1.6035674514745462,6.033789459769914
103.0,7.59341392133421,5.026726129656539,-0.2672612419124243,1.3871039316297418
138.0,7.66122395484756,5.026861964887983,1.0690449676496976,1.3550556423252331
289.0,7.2531375825924185,5.027140468989584,1.0690449676496976,1.3873922921252542
