t_days,yB_obs_fitspace,yB_hat_fitspace,yH_obs,yH_hat
0.0,6.740565733914731,6.9340285477839725,0.5222329678670935,0.5
28.0,6.494865030638035,5.286486810200536,0.5222329678670935,11.214786784426902
57.0,6.810486297696981,5.002957789380831,1.131504763712036,1.7467875357527352
73.0,6.8275115587385224,5.002318811047754,-0.6963106238227913,0.08395637255902723
112.0,6.520493882320057,5.002160615529125,,0.006395915086729953
169.0,5.409938192887098,5.012693919350093,1.131504763712036,0.07467839270407552
253.0,6.230199258036482,5.005641262475263,-1.3055824196677337,0.024505253574665892
322.0,6.60938702945524,4.998228072751894,-1.3055824196677337,5.984453634284489e-06
