t_days,yB_obs_fitspace,yB_hat_fitspace,yH_obs,yH_hat
0.0,6.914233538150314,6.914240643331496,-0.1139605764596379,0.5
63.0,6.6548066300947015,5.000007934460884,0.5698028822981898,0.9707659228350481
113.0,6.637829327064203,5.000000113873894,0.5698028822981898,4.989414982162969e-10
224.0,6.9559104194385775,4.999999993865422,0.5698028822981898,1.7121650354048766e-19
266.0,4.738669593164351,4.999999993849301,0.5698028822981898,2.0657925442411208e-22
323.0,6.87811827720388,4.999999993848728,-2.165250952733121,2.2611065643526773e-26
