t_days,yB_obs_fitspace,yB_hat_fitspace,yH_obs,yH_hat
0.0,6.8664561788628165,7.023417852482767,,0.5
56.0,6.735824690090913,5.028603159339682,1.4142135623730951,3.0829201015158842
114.0,7.1340379962736815,5.027490355297429,-0.7071067811865475,1.8705669855732094
189.0,6.877042678336244,5.021207372115382,,1.113161783094236
266.0,7.066619468850721,5.022050031375847,-0.7071067811865475,0.9364622423519419
353.0,7.101346403697448,5.044507155907217,,4.091790228778679
