t_days,yB_obs_fitspace,yB_hat_fitspace,yH_obs,yH_hat
0.0,6.665090984345603,6.710572959081993,0.5665288228870653,0.5
56.0,6.589641131555477,5.012340669817515,1.4935759876113537,2.1595502834981586
114.0,6.937478372430431,5.01809667186511,0.5665288228870653,0.7460943733299209
226.0,7.266734631744913,5.021335723127439,-1.5965812281362746,0.26626300475832965
254.0,7.0324547212626465,5.010291725195521,,0.08423872536668135
308.0,6.93468672253619,5.000162398059655,-0.669534063411986,2.1232078462948635e-05
323.0,6.442378317313289,5.000048947143953,-0.3605183418372233,1.9271967714397835e-06
