t_days,yB_obs_fitspace,yB_hat_fitspace,yH_obs,yH_hat
0.0,6.494088191997561,6.849598695267906,-0.6859943405700355,0.5
28.0,6.772459309321506,5.280137576816303,-1.5434872662825794,11.235440176324964
64.0,6.143795515726791,5.050194979521084,0.1714985851425087,5.377887895806619
113.0,6.658667496800578,5.050490908461715,1.028991510855053,5.359347997018659
212.0,7.0979026130884515,5.050491492152058,1.028991510855053,5.359411067677182
