t_days,yB_obs_fitspace,yB_hat_fitspace,yH_obs,yH_hat
0.0,6.2637444511789155,6.30347291615107,-1.2247448713915896,0.5
51.0,6.193223973605893,5.01368489890905,0.8164965809277255,2.5740811269871844
84.0,5.988344878095821,5.019096275220967,0.8164965809277255,1.5577389098776082
255.0,6.054611522651252,5.0162297397292654,0.8164965809277255,1.0896048741246607
282.0,5.989456492223218,5.009949559679367,-1.2247448713915896,0.16453378494070214
