t_days,yB_obs_fitspace,yB_hat_fitspace,yH_obs,yH_hat
0.0,6.749539756705907,6.765245219971084,0.1240347345892084,0.5
56.0,6.930835784172929,5.0000204233169585,0.8682431421244592,1.6403412676670193
118.0,6.115098374644456,5.00398735411557,0.8682431421244592,0.006792658883521331
200.0,6.475966234028354,5.006802972418686,0.1240347345892084,0.020052641030641055
271.0,6.370721767268301,5.009541508691351,-2.108590488016544,0.04048308069298328
326.0,5.937757540391083,5.000130553854076,0.1240347345892084,1.1067498239944003e-05
