t_days,yB_obs_fitspace,yB_hat_fitspace,yH_obs,yH_hat
0.0,6.232994840523391,6.306331289248235,-1.0000000000000002,0.5
63.0,6.476063328755756,4.999990808403692,-1.0000000000000002,0.7941437988334141
121.0,6.131327326334491,4.999985593319449,1.0,6.6726230867476175e-12
218.0,6.254612841851817,5.086023453227702,1.0,2.609545760246364
