t_days,yB_obs_fitspace,yB_hat_fitspace,yH_obs,yH_hat
0.0,6.696975319581986,6.81436645030709,0.7071067811865475,0.5
44.0,6.349545017111743,5.025691455447744,,5.828895916567316
77.0,6.942938233174865,5.0462746043366336,,4.979446928955
99.0,6.195390094905674,5.048702029147623,,5.497313704502263
154.0,7.0197487775034855,5.004002935286626,-1.4142135623730951,0.10206418583744523
188.0,6.605702087784793,4.9974392264889715,,0.0001792161732898296
332.0,6.7628728651616115,4.996921013569704,0.7071067811865475,1.766428670490571e-14
