t_days,yB_obs_fitspace,yB_hat_fitspace,yH_obs,yH_hat
0.0,7.217524818613417,7.2175525653598775,-1.732050807568878,0.5
56.0,7.122130649861242,5.000028810270477,0.5773502691896254,1.9489740106038527
110.0,7.116076670382431,5.000000176646066,0.5773502691896254,3.538256243394069e-09
180.0,5.951764316673601,5.0000000006532055,0.5773502691896254,2.149628543121117e-16
250.0,6.345413530893244,5.000000000002408,,2.9394437530003853e-21
