{
  "subject": "C3002",
  "theta": [
    1.772481799449096,
    1.0216425063579064,
    0.06073817850614266,
    0.15956070179250298,
    0.07786486119218534,
    0.30020871585206593,
    2.334876584875388,
    0.03002179318757155,
    0.23222852644432615,
    2.150937889346154,
    1.467160156010622,
    0.5938502460642952,
    1.277141354293298,
    0.8350393424555485,
    4.547267159776868,
    0.26520693478104285,
    0.6652303608029962,
    0.14486969651247783,
    0.9969114289294352,
    0.13864846057145455,
    0.7586595177959813,
    0.03232919253733395,
    0.5821380745502813,
    0.10200654554375294
  ],
  "theta_names": [
    "r_M",
    "r_C",
    "gamma",
    "alpha",
    "beta",
    "p_min",
    "p_max",
    "u",
    "k_B",
    "g",
    "K_B",
    "d0",
    "chi",
    "H_I",
    "eta",
    "H_on",
    "H_off",
    "eps",
    "k_on",
    "k_off",
    "sigma_F",
    "sigma_A",
    "s_B",
    "s_H"
  ],
  "cost": 43.1247823780884,
  "nfev": 25,
  "status": 3,
  "message": "`xtol` termination condition is satisfied.",
  "metrics": {
    "n_obs_B": 6.0,
    "RMSE_B": 2595285.7801386444,
    "NRMSE_B": 3.667168451738794,
    "R2_B": -12.448124453428305,
    "n_obs_H": 6.0,
    "RMSE_H": 0.9627060849161033,
    "NRMSE_H": 0.9627060849161033,
    "R2_H": 0.0731969940655085
  }
}