{
  "subject": "C3003",
  "theta": [
    0.6843244158706734,
    0.8062018660676515,
    0.6739006134758954,
    0.6722918198045792,
    1.0151490958854525,
    0.17871731412544295,
    0.7490324558740217,
    0.19180083836646106,
    0.17876849394350255,
    0.6014870211535316,
    0.39348427534244035,
    0.17311166683772722,
    0.5609223711837082,
    0.5232939067882897,
    4.533326714939135,
    0.46998737028812715,
    0.8806701204232477,
    0.07645344278275246,
    0.18387453116177416,
    0.22481864481118383,
    0.31898866256918235,
    0.8094853005349857,
    1.0000000000001377,
    0.10000000000008225
  ],
  "theta_names": [
    "r_M",
    "r_C",
    "gamma",
    "alpha",
    "beta",
    "p_min",
    "p_max",
    "u",
    "k_B",
    "g",
    "K_B",
    "d0",
    "chi",
    "H_I",
    "eta",
    "H_on",
    "H_off",
    "eps",
    "k_on",
    "k_off",
    "sigma_F",
    "sigma_A",
    "s_B",
    "s_H"
  ],
  "cost": 6.394163161893737,
  "nfev": 9,
  "status": 1,
  "message": "`gtol` termination condition is satisfied.",
  "metrics": {
    "n_obs_B": 5.0,
    "RMSE_B": 14887425.525854088,
    "NRMSE_B": 1.2478642813853973,
    "R2_B": -0.5571652647574943,
    "n_obs_H": 5.0,
    "RMSE_H": 1.0002499687578106,
    "NRMSE_H": 1.0002499687578106,
    "R2_H": -0.0005000000000010552
  }
}