{
  "subject": "C3001",
  "theta": [
    0.4708852807286808,
    1.135430304299345,
    1.0270246059033263,
    0.9280373335609546,
    1.2946511242465475,
    0.16574925249975792,
    1.0826492951138076,
    0.23191432732623773,
    0.13549009409059895,
    1.3770054689582367,
    0.3913592444303588,
    0.013462878257932407,
    0.2868704457468496,
    0.20949176690166169,
    11.386820155783864,
    0.47853296509965665,
    0.5208446640351843,
    0.029159229763146714,
    0.7051790665651211,
    0.6219311027307823,
    0.17473853435180703,
    0.8445829342134551,
    2.103853856009562,
    0.15688711584421777
  ],
  "theta_names": [
    "r_M",
    "r_C",
    "gamma",
    "alpha",
    "beta",
    "p_min",
    "p_max",
    "u",
    "k_B",
    "g",
    "K_B",
    "d0",
    "chi",
    "H_I",
    "eta",
    "H_on",
    "H_off",
    "eps",
    "k_on",
    "k_off",
    "sigma_F",
    "sigma_A",
    "s_B",
    "s_H"
  ],
  "cost": 8.584696357741967,
  "nfev": 103,
  "status": 2,
  "message": "`ftol` termination condition is satisfied.",
  "metrics": {
    "n_obs_B": 6.0,
    "RMSE_B": 3865201.3602951528,
    "NRMSE_B": 1.4432236359043853,
    "R2_B": -1.0828944632330741,
    "n_obs_H": 6.0,
    "RMSE_H": 0.8824233617417331,
    "NRMSE_H": 0.8824233617417331,
    "R2_H": 0.22132901065241872
  }
}