{
  "subject": "C3001",
  "theta": [
    0.1597458028917311,
    1.9970458673219185,
    0.1141958271907776,
    0.5996363265378869,
    1.9975705352348594,
    0.038127496767695265,
    0.284666438373238,
    0.011714774489537675,
    0.9919147069256595,
    0.2131885319775517,
    2.9902195101050975,
    0.010248027942951111,
    0.013201115086560944,
    0.9951151576415833,
    1.0976926090385506,
    0.799450551937509,
    0.9457929937176084,
    0.010041584261044683,
    1.4983881342749281,
    0.040121120068613327,
    0.20135535906745705,
    0.04417762389194692,
    2.0871025854227674,
    0.5878431809500704
  ],
  "cost": 8.670181703178308,
  "nfev": 38,
  "status": 2,
  "message": "`ftol` termination condition is satisfied."
}