{
  "subject": "C3004",
  "theta": [
    0.6844511123175756,
    0.6986080188837993,
    0.6843302132381319,
    0.658873539020696,
    0.7189954397883471,
    0.2506956652577412,
    1.2430093405357154,
    0.1960261991111984,
    0.20019703682529577,
    0.5933229670889255,
    0.6494161352117485,
    0.24372320931055935,
    0.5829004645458247,
    0.5700238737600387,
    5.226556565433242,
    0.31201631379690825,
    0.39416557959814613,
    0.036570691904921855,
    0.2584902121930931,
    0.13469845611885198,
    0.299705092871353,
    0.36907640114351953,
    1.5946363052391421,
    0.8357503274447069
  ],
  "theta_names": [
    "r_M",
    "r_C",
    "gamma",
    "alpha",
    "beta",
    "p_min",
    "p_max",
    "u",
    "k_B",
    "g",
    "K_B",
    "d0",
    "chi",
    "H_I",
    "eta",
    "H_on",
    "H_off",
    "eps",
    "k_on",
    "k_off",
    "sigma_F",
    "sigma_A",
    "s_B",
    "s_H"
  ],
  "cost": 12.359234127370604,
  "nfev": 180,
  "status": 2,
  "message": "`ftol` termination condition is satisfied.",
  "metrics": {
    "n_obs_B": 5.0,
    "RMSE_B": 4296003.314399888,
    "NRMSE_B": 2.131323036080499,
    "R2_B": -3.5425378841273956,
    "n_obs_H": 4.0,
    "RMSE_H": 0.7081276075158058,
    "NRMSE_H": 0.7081276075158058,
    "R2_H": 0.49855529147394084
  }
}