{
  "subject": "C3005",
  "theta": [
    1.981915989540679,
    0.3174156897857017,
    1.9746238437006585,
    0.00965241347369768,
    0.6354151201312703,
    0.00025245723693923926,
    2.868833853414752,
    0.01000000040186506,
    0.010000000000674492,
    0.10000026340017225,
    1.5994530904318747,
    0.9998713579568024,
    1.9995595347565305,
    0.9883676436318198,
    19.99951759043866,
    0.20490508395379742,
    0.3926383431997703,
    0.010184954220731311,
    1.399743812184038,
    1.1349939249895418,
    0.997108277703283,
    0.5363778070771202,
    1.9362950087006805,
    0.10152739378330626
  ],
  "theta_names": [
    "r_M",
    "r_C",
    "gamma",
    "alpha",
    "beta",
    "p_min",
    "p_max",
    "u",
    "k_B",
    "g",
    "K_B",
    "d0",
    "chi",
    "H_I",
    "eta",
    "H_on",
    "H_off",
    "eps",
    "k_on",
    "k_off",
    "sigma_F",
    "sigma_A",
    "s_B",
    "s_H"
  ],
  "cost": 6.2000721088030035,
  "nfev": 36,
  "status": 3,
  "message": "`xtol` termination condition is satisfied.",
  "metrics": {
    "n_obs_B": 5.0,
    "RMSE_B": 2282913.5448769834,
    "NRMSE_B": 1.5748100050529819,
    "R2_B": -1.4800265520149738,
    "n_obs_H": 1.0,
    "RMSE_H": 0.0033848975082203707,
    "NRMSE_H": NaN,
    "R2_H": NaN
  }
}