t_days,yB_obs,yB_hat,yH_obs,yH_hat
0.0,5617456.0,5617456.000000155,0.1240347345892084,0.07844355792210889
56.0,8527775.0,1.1736526310833263e-32,0.8682431421244592,1.0477732833968187
118.0,1303461.0,2.252339069831835e-44,0.8682431421244592,0.45473919501871507
200.0,2992031.0,3.9556303891197006e-58,0.1240347345892084,0.15071981142833127
271.0,2348127.0,5.478575918956504e-66,-2.108590488016544,0.0010621104353782636
326.0,866477.0,3.1611689982018795e-69,0.1240347345892084,2.7080495145496646e-10
