t_days,yB_obs,yB_hat,yH_obs,yH_hat
0.0,1490086.0,1490095.627666945,-1.556540648986177,0.05100327277187647
56.0,2048935.0,0.826844074357218,-0.5734623443633284,0.06387864191175
112.0,2204475.0,0.802803127393656,0.9011551125709444,0.1741840188780445
182.0,2914914.0,0.7166364256350093,0.4096159602595201,0.1283318170916025
224.0,3367063.0,1.1439281284777705,-0.5734623443633284,0.17535892920570634
288.0,3394318.0,1.1380570995931991,1.3926942648823688,0.2086013620967452
