t_days,yB_obs,yB_hat,yH_obs,yH_hat
0.0,4350949.0,4350949.000000599,-0.0,0.05000000000004112
54.0,4616211.0,6.612134390007197e-05,-0.0,2.2859676649177866e-08
127.0,32833952.0,1.4215273026924257e-10,-1.5811388300841898,2.388676591637784e-20
182.0,973306.0,7.632307124967485e-15,-0.0,6.885866823143664e-29
266.0,2802153.0,2.296410540831607e-21,1.5811388300841898,6.233701553771642e-42
