t_days,yB_obs,yB_hat,yH_obs,yH_hat
0.0,5657138.0,6058723.234779682,,0.05076369689165313
41.0,3129029.0,3956965.5109349014,,0.0033848975082678093
111.0,2540940.0,1920985.9985879571,,0.003384897508261131
195.0,5441455.0,807102.6197662682,-0.0,0.0033848975082203707
253.0,2273918.0,443574.6573626124,,0.003384897508105991
