t_days,yB_obs,yB_hat,yH_obs,yH_hat
0.0,6706815.0,6706628.88366908,,0.41787516372235345
57.0,2695487.0,1.141603082182661,1.0,1.0490083777871013
113.0,4205742.0,1.0784910149786562,1.0,0.9428335861446794
196.0,7677074.0,0.006849137980509366,-1.0,5.450558347837284e-05
252.0,2896007.0,9.262577119156311e-08,-1.0,9.966501090785946e-15
