,value,subject_id
r_max,0.4325565952526422,26
K_M,1.9905009207645106,26
c,0.058584284186341415,26
d,0.19813421796419756,26
g,0.13055861740222197,26
u,0.5000000000202469,26
p_low,0.7988967140889205,26
p_high,3.6757707040387366,26
H_on,0.74775,26
H_off,0.8466084102289968,26
tau_q,20.16841954670915,26
alpha,1.9447790149968507,26
