,value,subject_id
r_max,0.3116173559515636,1
K_M,1.99096654991918,1
c,0.11878002159922221,1
d,0.19982280827439214,1
g,0.1000000477174203,1
u,0.5000346790860445,1
p_low,0.7981555137897743,1
p_high,3.534063594395301,1
H_on,0.555134175602193,1
H_off,0.7122466377793751,1
tau_q,17.312995574618856,1
alpha,1.963252686616131,1
