,value,subject_id
r_max,0.25530753540320594,9
K_M,1.8669142677502224,9
c,0.10480427263490212,9
d,0.194167603548324,9
g,0.10000913295644696,9
u,0.5044025267042485,9
p_low,0.7483621125060488,9
p_high,2.5226697954735635,9
H_on,0.5273775547256933,9
H_off,0.9472499999999999,9
tau_q,4.035643290821417,9
alpha,1.6596821555273562,9
