,value,subject_id
r_max,0.4510754848451094,32
K_M,1.999999994309651,32
c,0.020154493297996387,32
d,0.19999999999994703,32
g,0.10000000000000002,32
u,0.5000000000000001,32
p_low,0.7999999999948535,32
p_high,3.0772907090031425,32
H_on,0.5274613199208521,32
H_off,0.654428727218119,32
tau_q,9.533472849617121,32
alpha,1.9999865400325996,32
