,value,subject_id
r_max,0.5997420786200134,4
K_M,1.9999999999998967,4
c,0.1869389399463178,4
d,0.19999999999999998,4
g,0.10000000000000002,4
u,0.5000000000000001,4
p_low,0.7999999999999999,4
p_high,2.846238982582963,4
H_on,0.5418660560040086,4
H_off,0.6618679455133792,4
tau_q,4.3912132283756895,4
alpha,1.99999999852742,4
