,value,subject_id
r_max,0.3284576080995498,21
K_M,1.9979562886677782,21
c,0.10175613226291153,21
d,0.19997333229975528,21
g,0.1000002568572804,21
u,0.5000074403736129,21
p_low,0.7997776916704598,21
p_high,3.2924163970701974,21
H_on,0.537893740945975,21
H_off,0.783716713429132,21
tau_q,21.85667734621083,21
alpha,1.981285355152924,21
