,value,subject_id
r_max,0.36846323599972797,33
K_M,1.9993702679079484,33
c,0.07802728840095266,33
d,0.1999998354429742,33
g,0.10000000000000002,33
u,0.5000000000000001,33
p_low,0.7999591824703792,33
p_high,3.7487859411451643,33
H_on,0.74775,33
H_off,0.8930124147882712,33
tau_q,19.872910205078178,33
alpha,1.9566428406225798,33
