,value,subject_id
r_max,0.5999982503657887,2
K_M,1.9999999999996654,2
c,0.04644196418065612,2
d,0.19999999999999998,2
g,0.10000000000000002,2
u,0.5000000000000001,2
p_low,0.7999999999999999,2
p_high,2.581923741092665,2
H_on,0.5532699702187611,2
H_off,0.94725,2
tau_q,10.842329076733241,2
alpha,0.5803526659819078,2
