,value,subject_id
r_max,0.5016066440795923,27
K_M,1.9836489552437053,27
c,0.02841312982523064,27
d,0.19802061572040927,27
g,0.3095951070796525,27
u,0.5000000000000027,27
p_low,0.7505785159626516,27
p_high,3.789616323222153,27
H_on,0.5431928374054835,27
H_off,0.94725,27
tau_q,14.779418486284483,27
alpha,0.9787832032559628,27
