,value,subject_id
r_max,0.5961043412406427,8
K_M,1.9999999999879854,8
c,0.22770883320115412,8
d,0.19999999999999762,8
g,0.10000000000000002,8
u,0.5000000000000001,8
p_low,0.7999999999999842,8
p_high,3.9199207575955217,8
H_on,0.5418660560040086,8
H_off,0.6618679455133792,8
tau_q,4.3912132283756895,8
alpha,1.999999953076133,8
