,value,subject_id
r_max,0.5999999844903262,24
K_M,1.9999999999997116,24
c,0.02000011223379554,24
d,0.19999999999999998,24
g,0.10000000000000002,24
u,0.5000000000000001,24
p_low,0.7999999999999999,24
p_high,3.2651498486034374,24
H_on,0.5877509387752878,24
H_off,0.6892869578066299,24
tau_q,4.325983628602398,24
alpha,1.8564530139713025,24
