,value,subject_id
r_max,0.3614951182775322,20
K_M,1.7872755809364003,20
c,0.08922736547068857,20
d,0.19285795364683941,20
g,0.24161908490563125,20
u,0.5733541413531669,20
p_low,0.7990022543381481,20
p_high,2.657009867732004,20
H_on,0.6232967872388853,20
H_off,0.94725,20
tau_q,3.9996875862901513,20
alpha,1.4158465105466196,20
