,value,subject_id
r_max,0.4516457061839334,36
K_M,1.999999984057796,36
c,0.09407495983337322,36
d,0.19999999997452356,36
g,0.10000000103379411,36
u,0.5000000000000001,36
p_low,0.7999999999751737,36
p_high,2.271736798597101,36
H_on,0.5274613199208533,36
H_off,0.6544287272181188,36
tau_q,9.990301734305884,36
alpha,1.99999850553783,36
