,value,subject_id
r_max,0.3100263653237515,25
K_M,1.9999999882776627,25
c,0.020008960581505947,25
d,0.19999999999926862,25
g,0.10000000000000035,25
u,0.5000000000000001,25
p_low,0.7999999999966022,25
p_high,3.9994603856304733,25
H_on,0.5551341756021921,25
H_off,0.7122465614168247,25
tau_q,23.997676315525737,25
alpha,0.6107325863411848,25
