,value,subject_id
r_max,0.31867071361193905,13
K_M,1.999998820636012,13
c,0.2033158741951095,13
d,0.1999999548882418,13
g,0.10000000000000385,13
u,0.500000002727876,13
p_low,0.7999990815072158,13
p_high,1.0244172760947687,13
H_on,0.5551341756021921,13
H_off,0.7122465614168247,13
tau_q,4.560314686569174,13
alpha,0.45400001272533963,13
