,value,subject_id
r_max,0.5081937052583112,38
K_M,1.9996945915445747,38
c,0.04252445360546922,38
d,0.19998959884835682,38
g,0.6876356570072106,38
u,0.5000073534829378,38
p_low,0.799957119233911,38
p_high,3.4975187324922627,38
H_on,0.5274613199208524,38
H_off,0.6544287272181188,38
tau_q,15.96954679975574,38
alpha,1.996873202051216,38
