,value,subject_id
r_max,0.45391916250686565,12
K_M,1.9999713486277921,12
c,0.048675194503599535,12
d,0.19999974865291506,12
g,0.10000007477082884,12
u,0.5000000000000001,12
p_low,0.7999990612885345,12
p_high,3.9836211910758066,12
H_on,0.7326035551842284,12
H_off,0.7826021728109848,12
tau_q,23.99992668857108,12
alpha,1.99878806778746,12
