,value,subject_id
r_max,0.4597058550259736,30
K_M,1.999976489365706,30
c,0.04065478210007792,30
d,0.1999999675417097,30
g,0.10000044880158097,30
u,0.5000000000000001,30
p_low,0.7999998698021709,30
p_high,3.9787594809867337,30
H_on,0.5378937409460259,30
H_off,0.7837167134291262,30
tau_q,22.436398624925072,30
alpha,0.6464773610203911,30
