,value,subject_id
r_max,0.485791746493799,5
K_M,1.999999999936213,5
c,0.05302485327916609,5
d,0.19999999999994794,5
g,0.10000000000000002,5
u,0.5000000000001056,5
p_low,0.7999999999999761,5
p_high,2.892136284015301,5
H_on,0.5274613199208524,5
H_off,0.6544287272181188,5
tau_q,4.197113415224159,5
alpha,1.9999970437644121,5
