,value,subject_id
r_max,0.5999999999999996,39
K_M,1.9999999999999953,39
c,0.021420871556588457,39
d,0.19999999999999998,39
g,0.10000000000000002,39
u,0.5000000000000001,39
p_low,0.7999999999999994,39
p_high,2.418716996723077,39
H_on,0.5274613199208524,39
H_off,0.6544287272181188,39
tau_q,4.197113415224159,39
alpha,1.9999999999999176,39
