,value,subject_id
r_max,0.21889699020606457,7
K_M,1.9994159213152551,7
c,0.10480417732364633,7
d,0.1999993800951189,7
g,0.10000003165684458,7
u,0.5000002204264813,7
p_low,0.7999922165253623,7
p_high,2.4142834051848427,7
H_on,0.5341441232981823,7
H_off,0.6545492920829764,7
tau_q,5.281123315962167,7
alpha,1.7145582881126924,7
