,value,subject_id
r_max,0.13685572944255392,3
K_M,1.9132404036459116,3
c,0.06361424552235792,3
d,0.19614968907196265,3
g,0.10009117653595682,3
u,0.5000029621676015,3
p_low,0.7666628601602735,3
p_high,3.6541709777854483,3
H_on,0.5504130676528955,3
H_off,0.7129333446999252,3
tau_q,18.274404680798472,3
alpha,1.827048353722122,3
