,value,subject_id
r_max,0.35122878169395116,23
K_M,1.9999999999999998,23
c,0.10411461793893205,23
d,0.19999999999999998,23
g,0.10000000000000002,23
u,0.5000000000000001,23
p_low,0.7999999999999999,23
p_high,2.4374444413306544,23
H_on,0.30113730659960425,23
H_off,0.6582540823085842,23
tau_q,4.260792906212072,23
alpha,1.5048294871857952,23
