,value,subject_id
r_max,0.35410461258203096,17
K_M,1.9989516088357921,17
c,0.08547110188413722,17
d,0.1998770753325045,17
g,0.10000010774581299,17
u,0.5000000388089266,17
p_low,0.7999988577291974,17
p_high,2.924001118817013,17
H_on,0.7258650485699685,17
H_off,0.7752834881206916,17
tau_q,4.771819767745181,17
alpha,1.983531469799667,17
