,value,subject_id
r_max,0.5631804867968038,40
K_M,1.9133533948747092,40
c,0.025718278302975454,40
d,0.19464613954253052,40
g,0.19711435609266525,40
u,0.5711811569153927,40
p_low,0.7999999999994717,40
p_high,3.8525214196213295,40
H_on,0.7477499999999999,40
H_off,0.9446557033841061,40
tau_q,23.205072222263272,40
alpha,1.9826494356962574,40
