,value,subject_id
r_max,0.5999999949223986,14
K_M,1.4846562482420567,14
c,0.020000001258847953,14
d,0.18659248501160872,14
g,0.31890987662528686,14
u,0.5894401163602268,14
p_low,0.16466773405155347,14
p_high,3.672586955942942,14
H_on,0.5477260539945487,14
H_off,0.9472499999999999,14
tau_q,13.843940583644992,14
alpha,4.4669556488763176e-14,14
