d,H,q,seed,stable
0.047944954128440846,0.0,0.0,3,False
0.07667889908256958,1.8142551882335295e-12,1.067421982904314e-21,0,False
0.09401834862385416,0.0,1.067421982749391e-21,3,False
