{
  "subject": "C3002",
  "theta": [
    1.9999843777480206,
    0.05019702188113539,
    5.046888702488211e-08,
    4.722462070997588e-06,
    1.9985827257954707,
    1.9990001938738289,
    4.999872844552292,
    0.0010000000001246412,
    0.0010000000000002648,
    0.10000004610401213,
    0.06474999999999789,
    0.9999958971388742,
    1.9999859105605395,
    0.3858539548789531,
    19.984283723919756,
    0.2476390610090478,
    0.8736668580148903,
    0.12772480801062008,
    1.4617568197196935,
    1.2111077751856156,
    1.4999980188338635,
    1.0192850713593424e-07,
    0.66520154388972,
    0.050000002566054094,
    4.998485847690428
  ],
  "theta_names": [
    "r_M",
    "r_C",
    "gamma",
    "alpha",
    "beta",
    "p_min",
    "p_max",
    "u",
    "k_B",
    "g",
    "K_B",
    "d0",
    "chi",
    "H_I",
    "eta",
    "H_on",
    "H_off",
    "eps",
    "k_on",
    "k_off",
    "sigma_F",
    "sigma_A",
    "s_B",
    "s_H",
    "a_B"
  ],
  "cost": 7.516323142822287,
  "nfev": 38,
  "status": 2,
  "message": "`ftol` termination condition is satisfied.",
  "use_logB": true,
  "metrics": {
    "n_obs_B": 6.0,
    "RMSE_B": 0.3624018345156596,
    "NRMSE_B": 1.2219773499647144,
    "R2_B": -0.49322864382678633,
    "n_obs_H": 6.0,
    "RMSE_H": 1.0060876720150398,
    "NRMSE_H": 1.0060876720150398,
    "R2_H": -0.012212403780642145
  },
  "fit_ok": false,
  "bound_hits": 11
}