{
  "subject": "C3004",
  "theta": [
    1.98835423041628,
    1.936237394974143,
    0.3193535807373503,
    0.1207530493778664,
    0.017402097204312125,
    0.22437167174987765,
    3.342925013664547,
    0.002020249887732519,
    0.0010000000000002023,
    0.11979967111096242,
    1.347795338095631,
    0.22175713253689924,
    0.8772473306251689,
    0.20044624174132883,
    11.326057819693405,
    0.1843938544975059,
    0.9482119231460387,
    0.1972163205717412,
    1.3152757998762024,
    0.827282939765243,
    1.4929643057786504,
    0.4128623598122304,
    0.8601738683351156,
    0.08423518299047912,
    2.346208392178067
  ],
  "theta_names": [
    "r_M",
    "r_C",
    "gamma",
    "alpha",
    "beta",
    "p_min",
    "p_max",
    "u",
    "k_B",
    "g",
    "K_B",
    "d0",
    "chi",
    "H_I",
    "eta",
    "H_on",
    "H_off",
    "eps",
    "k_on",
    "k_off",
    "sigma_F",
    "sigma_A",
    "s_B",
    "s_H",
    "a_B"
  ],
  "cost": 4.395680546166352,
  "nfev": 77,
  "status": 3,
  "message": "`xtol` termination condition is satisfied.",
  "use_logB": true,
  "metrics": {
    "n_obs_B": 5.0,
    "RMSE_B": 0.41780669213559557,
    "NRMSE_B": 0.9823200760132882,
    "R2_B": 0.0350472682612476,
    "n_obs_H": 4.0,
    "RMSE_H": 0.9958159259671114,
    "NRMSE_H": 0.9958159259671114,
    "R2_H": 0.00835064159026433
  },
  "fit_ok": false,
  "bound_hits": 1
}