{
  "subject": "C3001",
  "theta": [
    0.9161299254412764,
    0.21374149233303616,
    1.8072276181644722,
    0.1909091755279843,
    0.7133104403510967,
    0.3561858285643911,
    3.6649692610136353,
    0.006566152656688593,
    0.006666805523628019,
    0.124663134721408,
    0.06474999999972288,
    0.989387269252927,
    1.9939709589872532,
    0.6168019781991007,
    12.902031608831983,
    0.4076127867503915,
    0.649409897509066,
    0.01277052084545902,
    1.216448362708896,
    1.4891207331545153,
    1.3975765982576995,
    0.00017133985789160807,
    0.7353619801038813,
    0.21877763513562057,
    4.750365308718592
  ],
  "theta_names": [
    "r_M",
    "r_C",
    "gamma",
    "alpha",
    "beta",
    "p_min",
    "p_max",
    "u",
    "k_B",
    "g",
    "K_B",
    "d0",
    "chi",
    "H_I",
    "eta",
    "H_on",
    "H_off",
    "eps",
    "k_on",
    "k_off",
    "sigma_F",
    "sigma_A",
    "s_B",
    "s_H",
    "a_B"
  ],
  "cost": 4.316763142510963,
  "nfev": 37,
  "status": 2,
  "message": "`ftol` termination condition is satisfied.",
  "use_logB": true,
  "metrics": {
    "n_obs_B": 6.0,
    "RMSE_B": 0.5222998391436335,
    "NRMSE_B": 0.6640794959581139,
    "R2_B": 0.5589984230480174,
    "n_obs_H": 6.0,
    "RMSE_H": 0.998959193636893,
    "NRMSE_H": 0.998959193636893,
    "R2_H": 0.002080529448328705
  },
  "fit_ok": true,
  "bound_hits": 0
}