{
  "subject": "C3010",
  "theta": [
    1.457550473746674,
    1.1624557643176594,
    0.872029904434261,
    0.06935030238352072,
    0.26652868650436234,
    1.999118622719558,
    4.993562844726012,
    0.0010421778649755777,
    0.001000203608172873,
    0.1000000000051974,
    1.9497864956497388,
    0.9999906333783385,
    1.999989417355875,
    0.6953691017871682,
    12.012733173812334,
    0.7923104516473115,
    0.8426448739939286,
    0.08389036905019263,
    0.657233729689863,
    0.020134431912509368,
    1.4616749474734732,
    0.0003706962231772878,
    0.6914171942545282,
    2.2461738120466905,
    4.999812365512788
  ],
  "theta_names": [
    "r_M",
    "r_C",
    "gamma",
    "alpha",
    "beta",
    "p_min",
    "p_max",
    "u",
    "k_B",
    "g",
    "K_B",
    "d0",
    "chi",
    "H_I",
    "eta",
    "H_on",
    "H_off",
    "eps",
    "k_on",
    "k_off",
    "sigma_F",
    "sigma_A",
    "s_B",
    "s_H",
    "a_B"
  ],
  "cost": 4.784746388119467,
  "nfev": 37,
  "status": 2,
  "message": "`ftol` termination condition is satisfied.",
  "use_logB": true,
  "metrics": {
    "n_obs_B": 6.0,
    "RMSE_B": 0.48715348203306913,
    "NRMSE_B": 0.9876977052243588,
    "R2_B": 0.02445324309453545,
    "n_obs_H": 5.0,
    "RMSE_H": 0.8621151007616268,
    "NRMSE_H": 0.8621151007616268,
    "R2_H": 0.25675755303877
  },
  "fit_ok": false,
  "bound_hits": 5
}