{
  "subject": "C3005",
  "theta": [
    0.7953383782421035,
    1.642087268606619,
    0.5561199631039928,
    0.01792117567239572,
    0.9185117257403094,
    1.8254481653449346,
    3.2248031268370223,
    0.010671277604593108,
    0.0010000000000000002,
    0.11871248197310573,
    0.7521153124671356,
    0.20087813831463716,
    1.2058150858888927,
    0.16136276622851037,
    9.72532664825053,
    0.5692745225514018,
    0.8034561101725269,
    0.07719099363084361,
    1.0845295031907884,
    1.4901890949952692,
    1.358595584408439,
    0.42423150863732867,
    0.6978985087015481,
    0.05000002367906301,
    4.926922345355795
  ],
  "theta_names": [
    "r_M",
    "r_C",
    "gamma",
    "alpha",
    "beta",
    "p_min",
    "p_max",
    "u",
    "k_B",
    "g",
    "K_B",
    "d0",
    "chi",
    "H_I",
    "eta",
    "H_on",
    "H_off",
    "eps",
    "k_on",
    "k_off",
    "sigma_F",
    "sigma_A",
    "s_B",
    "s_H",
    "a_B"
  ],
  "cost": 1.975123730223549,
  "nfev": 98,
  "status": 3,
  "message": "`xtol` termination condition is satisfied.",
  "use_logB": true,
  "metrics": {
    "n_obs_B": 5.0,
    "RMSE_B": 0.33862263074788096,
    "NRMSE_B": 0.8888421838025855,
    "R2_B": 0.20995957229305084,
    "n_obs_H": 1.0,
    "RMSE_H": 0.006732155104645994,
    "NRMSE_H": NaN,
    "R2_H": NaN
  },
  "fit_ok": false,
  "bound_hits": 2
}