{
  "subject": "C3003",
  "theta": [
    1.1651072549148125,
    0.42234830029473724,
    1.6692848545486452,
    0.2574363690128228,
    1.8090514228149885,
    1.989999701786643,
    4.301194504650903,
    0.001281074289066543,
    0.004546396472454786,
    0.16391478355413674,
    1.1221321942182092,
    0.9546602735856825,
    1.9117116196022328,
    0.9603557121833322,
    11.2086005660045,
    0.3385445393361513,
    0.4218844629525972,
    0.019576429726114685,
    1.4622795244506555,
    1.2559496534121513,
    1.3195651180587396,
    0.18506522118973606,
    0.7307230920733577,
    0.07304382473799467,
    4.56985342583242
  ],
  "theta_names": [
    "r_M",
    "r_C",
    "gamma",
    "alpha",
    "beta",
    "p_min",
    "p_max",
    "u",
    "k_B",
    "g",
    "K_B",
    "d0",
    "chi",
    "H_I",
    "eta",
    "H_on",
    "H_off",
    "eps",
    "k_on",
    "k_off",
    "sigma_F",
    "sigma_A",
    "s_B",
    "s_H",
    "a_B"
  ],
  "cost": 4.808868600696863,
  "nfev": 36,
  "status": 2,
  "message": "`ftol` termination condition is satisfied.",
  "use_logB": true,
  "metrics": {
    "n_obs_B": 5.0,
    "RMSE_B": 1.0972507640865479,
    "NRMSE_B": 0.9608676867055083,
    "R2_B": 0.07673328864520512,
    "n_obs_H": 5.0,
    "RMSE_H": 1.000140354612267,
    "NRMSE_H": 1.000140354612267,
    "R2_H": -0.00028072892395059057
  },
  "fit_ok": false,
  "bound_hits": 0
}