{
  "subject": "C3006",
  "theta": [
    0.05002338156257885,
    1.49933392044806,
    1.8647508746030774,
    0.8170219104846395,
    1.8823855807895071,
    0.8641641189899396,
    0.4896423982424843,
    0.001237736198381412,
    0.0010007408310574097,
    1.1309606912034496,
    2.4019893094879046,
    0.0953389895648208,
    1.5275388662771525,
    0.8946088554694402,
    17.261747591788783,
    0.16150239712802136,
    0.8077296691895047,
    0.01582953492808431,
    1.186258402839845,
    1.015379801641633,
    0.3724579864665755,
    0.08889118534991836,
    0.7832711652276808,
    0.05000000032574559,
    3.8114010391902213
  ],
  "theta_names": [
    "r_M",
    "r_C",
    "gamma",
    "alpha",
    "beta",
    "p_min",
    "p_max",
    "u",
    "k_B",
    "g",
    "K_B",
    "d0",
    "chi",
    "H_I",
    "eta",
    "H_on",
    "H_off",
    "eps",
    "k_on",
    "k_off",
    "sigma_F",
    "sigma_A",
    "s_B",
    "s_H",
    "a_B"
  ],
  "cost": 2.328407863357866,
  "nfev": 131,
  "status": 2,
  "message": "`ftol` termination condition is satisfied.",
  "use_logB": true,
  "metrics": {
    "n_obs_B": 5.0,
    "RMSE_B": 0.655356014345792,
    "NRMSE_B": 0.5599189596465098,
    "R2_B": 0.6864907586283702,
    "n_obs_H": 4.0,
    "RMSE_H": 0.8788158965132549,
    "NRMSE_H": 0.8788158965132546,
    "R2_H": 0.22768262003560436
  },
  "fit_ok": true,
  "bound_hits": 3
}