{
  "subject": "C3009",
  "theta": [
    1.345913745267075,
    1.5845063600454226,
    0.02203417690756667,
    0.2152548204778604,
    1.7279966802951463,
    0.7707547591847692,
    3.476006687854033,
    0.024703448674624293,
    0.001001089861639402,
    0.10474206514126759,
    1.1214507401678113,
    0.1279647615323424,
    1.7056645834256374,
    0.10217676399858375,
    7.512759616901377,
    0.7999867018688676,
    0.9403545758353236,
    0.010533826976936948,
    1.1134173783399408,
    1.3716202955016272,
    1.2941328636223182,
    1.4742469057029104,
    0.7158467285193348,
    0.05000000001037944,
    4.946006219051652
  ],
  "theta_names": [
    "r_M",
    "r_C",
    "gamma",
    "alpha",
    "beta",
    "p_min",
    "p_max",
    "u",
    "k_B",
    "g",
    "K_B",
    "d0",
    "chi",
    "H_I",
    "eta",
    "H_on",
    "H_off",
    "eps",
    "k_on",
    "k_off",
    "sigma_F",
    "sigma_A",
    "s_B",
    "s_H",
    "a_B"
  ],
  "cost": 3.58181109459358,
  "nfev": 48,
  "status": 3,
  "message": "`xtol` termination condition is satisfied.",
  "use_logB": true,
  "metrics": {
    "n_obs_B": 6.0,
    "RMSE_B": 0.3442236432998307,
    "NRMSE_B": 0.721516408240177,
    "R2_B": 0.4794140726401942,
    "n_obs_H": 4.0,
    "RMSE_H": 1.0050008240081603,
    "NRMSE_H": 1.0050008240081605,
    "R2_H": -0.010026656257081434
  },
  "fit_ok": true,
  "bound_hits": 3
}