{
  "subject": "C3008",
  "theta": [
    0.1714556947093269,
    1.2709859326474726,
    1.3791556821988373,
    0.8644229832666792,
    1.3698266309694824,
    0.009999890700441813,
    3.100304626339244,
    0.0024326615646990874,
    0.0010825362024501153,
    0.35646579055475763,
    0.05530362822088031,
    0.8252965937313003,
    1.2585334276853253,
    0.25340063437632127,
    17.634052453431817,
    0.32460484712460286,
    0.6320802224854828,
    0.018810639703116267,
    1.000284785407252,
    1.042197823920336,
    0.11437487644381913,
    1.088376400350849,
    0.8145459955334982,
    0.2760943606810065,
    2.9694303781870683
  ],
  "theta_names": [
    "r_M",
    "r_C",
    "gamma",
    "alpha",
    "beta",
    "p_min",
    "p_max",
    "u",
    "k_B",
    "g",
    "K_B",
    "d0",
    "chi",
    "H_I",
    "eta",
    "H_on",
    "H_off",
    "eps",
    "k_on",
    "k_off",
    "sigma_F",
    "sigma_A",
    "s_B",
    "s_H",
    "a_B"
  ],
  "cost": 1.1983776721763653,
  "nfev": 350,
  "status": 0,
  "message": "The maximum number of function evaluations is exceeded.",
  "use_logB": true,
  "metrics": {
    "n_obs_B": 4.0,
    "RMSE_B": 0.13718857825122463,
    "NRMSE_B": 0.7711604349094473,
    "R2_B": 0.4053115836302721,
    "n_obs_H": 3.0,
    "RMSE_H": 0.07746327920122072,
    "NRMSE_H": NaN,
    "R2_H": NaN
  },
  "fit_ok": true,
  "bound_hits": 1
}