{
  "subject": "C3011",
  "theta": [
    0.050000001828681855,
    0.05000088310300258,
    1.9999980802339579,
    1.5605148516964435e-08,
    2.280143396375241e-08,
    0.48637872789506337,
    4.9999927631455865,
    0.0010000007605235272,
    0.001000000000001106,
    0.10000135971995061,
    2.78878576348942,
    0.992877289886705,
    1.9847020623265665,
    0.7521277683771864,
    12.354876797762342,
    0.47125900664924797,
    0.4844517078615383,
    0.12347617168563571,
    0.9354967820473716,
    1.2780261281920997,
    1.499999980629076,
    2.8751186514855468e-08,
    0.7254575054070339,
    0.0500000000022717,
    4.999191064724556
  ],
  "theta_names": [
    "r_M",
    "r_C",
    "gamma",
    "alpha",
    "beta",
    "p_min",
    "p_max",
    "u",
    "k_B",
    "g",
    "K_B",
    "d0",
    "chi",
    "H_I",
    "eta",
    "H_on",
    "H_off",
    "eps",
    "k_on",
    "k_off",
    "sigma_F",
    "sigma_A",
    "s_B",
    "s_H",
    "a_B"
  ],
  "cost": 5.153904557955771,
  "nfev": 50,
  "status": 2,
  "message": "`ftol` termination condition is satisfied.",
  "use_logB": true,
  "metrics": {
    "n_obs_B": 5.0,
    "RMSE_B": 0.44520406849633487,
    "NRMSE_B": 1.0290488275010896,
    "R2_B": -0.05894148938136756,
    "n_obs_H": 5.0,
    "RMSE_H": 1.0013093097544539,
    "NRMSE_H": 1.0013093097544539,
    "R2_H": -0.002620333800940955
  },
  "fit_ok": false,
  "bound_hits": 12
}