{
  "subject": "C3012",
  "theta": [
    1.1532462906970447,
    0.9909074963935579,
    0.32803188548016193,
    0.1964373006006416,
    0.7688710587175978,
    1.3170595535559444,
    4.168181031836502,
    0.016856622488864437,
    0.0010300558872455628,
    0.1672848852079168,
    0.716110042099581,
    0.3265882637745622,
    1.3362204753120108,
    0.1850859702012903,
    12.061440401777263,
    0.4865076860344201,
    0.6846291696366147,
    0.09012521068167853,
    0.2591717738797989,
    0.5365942793834692,
    1.0513101218628915,
    0.819634381628532,
    0.8357433088165365,
    0.051307124969700676,
    3.3245446711138626
  ],
  "theta_names": [
    "r_M",
    "r_C",
    "gamma",
    "alpha",
    "beta",
    "p_min",
    "p_max",
    "u",
    "k_B",
    "g",
    "K_B",
    "d0",
    "chi",
    "H_I",
    "eta",
    "H_on",
    "H_off",
    "eps",
    "k_on",
    "k_off",
    "sigma_F",
    "sigma_A",
    "s_B",
    "s_H",
    "a_B"
  ],
  "cost": 2.4417241742915454,
  "nfev": 41,
  "status": 3,
  "message": "`xtol` termination condition is satisfied.",
  "use_logB": true,
  "metrics": {
    "n_obs_B": 6.0,
    "RMSE_B": 0.7476297171870286,
    "NRMSE_B": 0.9021026175131521,
    "R2_B": 0.18621086747591953,
    "n_obs_H": 2.0,
    "RMSE_H": 0.01888853406976897,
    "NRMSE_H": NaN,
    "R2_H": NaN
  },
  "fit_ok": false,
  "bound_hits": 1
}