t_days,yB_obs_fitspace,yB_hat_fitspace,yH_obs,yH_hat
0.0,15.548428845350982,15.364855477799004,,0.025000011839531506
41.0,14.956233610332767,15.202020962449742,,0.01753261623280962
111.0,14.748045042827695,15.071605567546225,,0.006732155104647272
195.0,15.509557230079864,14.928961627320778,-0.0,0.006732155104645994
253.0,14.637015332605438,14.830491841357054,,0.006732155104645213
