t_days,yB_obs_fitspace,yB_hat_fitspace,yH_obs,yH_hat
0.0,15.285904770025665,15.739617024524462,-0.0,0.036521912368997336
54.0,15.345085013325155,15.556845876852767,-0.0,0.004177156229319789
127.0,17.30697369039256,15.310575664256714,-1.5811388300841898,0.0041771562293193495
182.0,13.788454830415846,15.123920899880549,-0.0,0.004177156229318752
266.0,14.84589896511113,14.840997762440509,1.5811388300841898,0.004177156229317005
