t_days,yB_obs_fitspace,yB_hat_fitspace,yH_obs,yH_hat
0.0,16.618965055653806,16.6455905067452,-1.732050807568878,0.025000000162872796
56.0,16.39931186472649,16.401758401014444,0.5773502691896254,0.5379261882721924
110.0,16.385372061825286,15.749563953966748,0.5773502691896254,0.5928053456572384
180.0,13.704443792586527,14.889723983424739,0.5773502691896254,0.5931256095023391
250.0,14.610854605117495,14.02981971227692,,0.5931260142018433
