t_days,yB_obs_fitspace,yB_hat_fitspace,yH_obs,yH_hat
0.0,15.54138962836168,15.631971711847354,0.1240347345892084,0.10938881756781028
56.0,15.958839158626285,15.345470882312974,0.8682431421244592,0.009145546027951769
118.0,14.080534359648441,15.028658081219879,0.8682431421244592,0.009145546027951753
200.0,14.911463313206477,14.611134267371458,0.1240347345892084,0.009145546027951694
271.0,14.669128972924673,14.249270496192944,-2.108590488016544,0.009145546027951552
326.0,13.6721919983175,13.967047400029067,0.1240347345892084,0.009145546027951285
