t_days,yB_obs_fitspace,yB_hat_fitspace,yH_obs,yH_hat
0.0,14.2143450654788,14.81379995277754,-1.556540648986177,0.025000001283027047
56.0,14.532831191984563,14.775236351177622,-0.5734623443633284,0.0016676464732725326
112.0,14.606000396898459,14.736837900450421,0.9011551125709444,0.0016676464732725326
182.0,14.885351217821857,14.68882113415529,0.4096159602595201,0.0016676464732725323
224.0,15.02955170598157,14.660028236487175,-0.5734623443633284,0.001667646473272532
288.0,15.037613709752629,14.616170956554445,1.3926942648823688,0.001667646473272532
