t_days,yB_obs_fitspace,yB_hat_fitspace,yH_obs,yH_hat
0.0,15.612081267922834,15.559663956767617,,0.13804718034050326
49.0,15.539267557952261,15.480070146462554,-0.0,0.0967068471674685
112.0,15.150416883366692,15.382664349627731,-0.0,0.07174680114872878
218.0,15.366805242376325,15.243955617265492,-0.0,0.05917652498813602
