t_days,yB_obs_fitspace,yB_hat_fitspace,yH_obs,yH_hat
0.0,16.647397257711063,17.121989045175923,-0.2672612419124243,0.02500000000113585
43.0,16.71055560125414,17.089582952223182,-1.6035674514745462,0.0016793953360675694
103.0,17.484481700197612,17.04477642186754,-0.2672612419124243,0.001679395336067563
138.0,17.64062007252088,17.018602409564874,1.0690449676496976,0.0016793953360675596
289.0,16.70096647511217,16.90563086062213,1.0690449676496976,0.00167939533606754
