t_days,yB_obs_fitspace,yB_hat_fitspace,yH_obs,yH_hat
0.0,16.67408618989789,15.87436958487457,1.2247448713915887,1.1230869060233453
55.0,15.19011207343352,15.83493033157397,-0.8164965809277264,0.07489051093626521
113.0,15.639370096060713,15.793488826387422,1.2247448713915887,0.07489051093626432
188.0,15.271211804855374,15.7395491622667,,0.074890510936263
293.0,15.809270429111963,15.664857020747904,-0.8164965809277264,0.07489051093626081
321.0,15.9683122207984,15.644852547793416,-0.8164965809277264,0.07489051093626012
