t_days,yB_obs_fitspace,yB_hat_fitspace,yH_obs,yH_hat
0.0,16.10567351470969,15.123249416166312,-0.0,0.025653562484850338
43.0,13.874909016585068,14.825129211564454,,0.020815402567979615
114.0,13.560769264682937,14.39818444983662,,0.009306422406392487
170.0,13.982016877246757,14.23463727267857,,0.007446352828472357
281.0,14.23700779527343,13.913278836775024,-0.0,0.007446352828433911
323.0,14.576441612801815,13.791748079824167,,0.007446352828409724
