t_days,yB_obs_fitspace,yB_hat_fitspace,yH_obs,yH_hat
0.0,15.774309573288273,15.451220307007153,-0.9045340337332908,0.02500000000518972
57.0,14.438192891355284,14.959734968754029,-0.9045340337332908,0.0076941955019139505
112.0,14.660839624405083,14.812642075773079,0.3015113445777636,0.005467841602883604
210.0,15.0573651024961,14.552509801726758,,0.005467841602871392
239.0,14.689412652106634,14.476491691620357,,0.005467841602865801
323.0,14.360591510819336,14.254344191862339,1.507556722888818,0.005467841602840667
