t_days,yB_obs_fitspace,yB_hat_fitspace,yH_obs,yH_hat
0.0,15.718634880681401,15.465547141301673,,0.04211759149523956
57.0,14.807089821999734,15.374144543157207,1.0,0.030548649831101688
113.0,15.251961530191982,15.306653690237006,1.0,0.0131224592426827
196.0,15.853749173203504,15.21270835651033,-1.0,0.013122458749048221
252.0,14.878843794914868,15.14955238051584,-1.0,0.013122458749047498
