time_hr,butyrate_mM
0.0,15.20515142
168.0,16.89645878
336.0,15.63079146
504.0,16.54825516
672.0,18.3312297
840.0,16.18657434
