time_hr,butyrate_mM
0.0,14.38522396
168.0,25.89862363
336.0,9.621393532
504.0,10.06835903
672.0,17.83657212
840.0,17.53457479
