time_hr,butyrate_mM
0.0,11.7056026
168.0,8.094964676
336.0,12.37457345
504.0,11.12507376
672.0,9.4822426
840.0,9.372498601
