time_hr,butyrate_mM
0.0,11.8408492
168.0,17.79534408
336.0,10.88210931
504.0,11.597186
672.0,13.72493121
840.0,13.97200169
