time_hr,butyrate_mM
0.0,7.55356474
168.0,10.32631995
336.0,11.21462452
504.0,10.20922805
672.0,13.44814065
840.0,8.933292603
