time_hr,butyrate_mM
0.0,16.77771287
168.0,14.88445054
336.0,17.72490526
504.0,18.54282495
672.0,17.02345038
840.0,15.038978
