time_hr,butyrate_mM
0.0,21.71285631
168.0,8.511241645
336.0,14.60377716
504.0,12.41580307
672.0,18.1890994
840.0,19.48679714
