time_hr,butyrate_mM
0.0,13.92060823
168.0,12.77931909
336.0,17.2579397
504.0,12.29078016
672.0,13.50707667
840.0,16.02017737
