time_hr,butyrate_mM
0.0,13.18765794
168.0,21.36145083
336.0,12.14308301
672.0,16.17617806
840.0,18.33863971
