time_hr,butyrate_mM
0.0,17.46457385
168.0,10.92358455
336.0,27.06999532
504.0,18.39655174
672.0,12.51918044
840.0,25.01903772
