time_hr,butyrate_mM
0.0,13.32458547
168.0,8.497594562
336.0,8.483523425
504.0,7.103861232
672.0,6.454914932
840.0,14.10476493
