time_hr,butyrate_mM
0.0,10.65828255
168.0,5.715549207
336.0,6.295687082
504.0,4.976939194
672.0,6.352812749
840.0,6.042098027
