time_hr,butyrate_mM
0.0,23.0869725
168.0,10.35837579
336.0,15.91845765
504.0,11.45876071
672.0,21.08349641
840.0,10.49008445
