time_hr,butyrate_mM
0.0,9.372517054
168.0,17.77092013
336.0,13.10583251
504.0,10.98310112
672.0,10.40287018
840.0,12.26747659
