time_hr,butyrate_mM
0.0,9.49723645
168.0,13.58082204
336.0,9.145339802
504.0,9.919252287
672.0,17.21939628
840.0,9.302563031
