time_hr,butyrate_mM
0.0,15.2151045
168.0,6.763888701
336.0,6.815206962
504.0,6.21348229
672.0,5.164036
840.0,4.261591373
