time_hr,butyrate_mM
0.0,6.502567191
168.0,8.530988375
336.0,7.340560228
504.0,9.398023449
672.0,7.571851194
840.0,5.671134456
