time_hr,butyrate_mM
0.0,17.46622927
168.0,13.63943206
336.0,10.56273867
504.0,11.65424074
672.0,12.985227
840.0,12.47180368
