time_hr,butyrate_mM
0.0,11.34540332
168.0,11.33949107
336.0,7.426769281
504.0,15.15383316
672.0,8.945033041
840.0,16.11374478
