time_hr,butyrate_mM
0.0,3.158772176
168.0,5.30568901
336.0,7.894185332
504.0,6.41253264
672.0,5.303486083
840.0,5.339826664
