time_hr,butyrate_mM
0.0,8.484632555
168.0,12.19345532
336.0,10.25468617
504.0,9.593578336
672.0,10.47141628
840.0,7.361418214
