time_hr,butyrate_mM
0.0,11.23999243
168.0,14.03397736
336.0,12.69787512
504.0,9.182389852
672.0,14.35671511
840.0,18.79519486
