time_hr,butyrate_mM
0.0,18.75935486
168.0,23.44303301
336.0,23.0719807
504.0,5.687151178
672.0,15.08075785
840.0,29.98859444
