time_hr,butyrate_mM
0.0,14.63733969
168.0,11.13965729
336.0,16.40912039
504.0,18.38309977
672.0,18.07329829
840.0,15.90539737
