time_hr,butyrate_mM
0.0,14.16459682
168.0,13.53884512
336.0,13.37614022
