time_hr,butyrate_mM
0.0,16.55104002
168.0,16.98792889
336.0,19.243507
504.0,26.47236597
672.0,21.22631039
840.0,16.14458528
