time_hr,butyrate_mM
0.0,4.885451155
168.0,9.524196273
336.0,13.07650779
