time_hr,butyrate_mM
0.0,4.517709699
168.0,5.61880566
336.0,5.054068298
504.0,6.992337734
672.0,7.27068609
