time_hr,butyrate_mM
0.0,6.70523926
168.0,6.542061379
504.0,14.41669482
