time_hr,butyrate_mM
0.0,18.04264714
168.0,17.6616335
336.0,12.9257347
504.0,13.40799739
672.0,15.16486934
840.0,14.68337845
