time_hr,butyrate_mM
0.0,7.348311564
168.0,14.67130522
336.0,8.813426536
504.0,8.336888283
672.0,7.072153002
840.0,9.764942771
