time_hr,butyrate_mM
0.0,10.93002683
168.0,9.203279774
336.0,23.1138845
504.0,28.06924418
672.0,12.55491032
840.0,10.28960044
