time_hr,butyrate_mM
0.0,8.445213653
168.0,9.412551202
336.0,6.243625681
504.0,7.837530071
672.0,10.70723591
840.0,8.062285608
