time_hr,butyrate_mM
0.0,4.624603035
168.0,9.814369113
336.0,6.550338518
504.0,12.10784605
672.0,8.71516507
840.0,11.82453141
